OPEN,VALUE,CLOSE,CHART_DATE,HIGH,LOW
0.07,113500.0,0.0725,2009-08-03,0.0725,0.07
0.07,140000.0,0.07,2009-08-04,0.07,0.07
0.07,136500.0,0.0675,2009-08-06,0.07,0.0675
0.07,872750.0,0.0725,2009-08-07,0.0725,0.0675
0.07,539000.0,0.07,2009-08-10,0.07,0.07
0.07,98000.0,0.07,2009-08-11,0.07,0.07
0.07,356750.0,0.075,2009-08-12,0.075,0.07
0.08,210000.0,0.075,2009-08-13,0.08,0.075
0.075,301250.0,0.0775,2009-08-14,0.0775,0.075
0.075,82500.0,0.075,2009-08-17,0.075,0.075
0.0725,29000.0,0.0725,2009-08-18,0.0725,0.0725
0.0725,43500.0,0.0725,2009-08-19,0.0725,0.0725
0.07,179000.0,0.0675,2009-08-20,0.07,0.0675
0.0675,69250.0,0.07,2009-08-24,0.07,0.0675
0.07,191500.0,0.0725,2009-08-26,0.0725,0.07
0.0725,145000.0,0.0725,2009-09-03,0.0725,0.0725
0.07,70000.0,0.07,2009-09-04,0.07,0.07
0.0775,77500.0,0.0775,2009-09-16,0.0775,0.0775
0.0775,23250.0,0.0775,2009-09-18,0.0775,0.0775
0.08,80000.0,0.08,2009-09-23,0.08,0.08
0.0825,326500.0,0.08,2009-10-01,0.0825,0.08
0.08,375250.0,0.08,2009-10-06,0.085,0.08
0.0775,240250.0,0.0775,2009-10-07,0.0775,0.0775
0.07,483250.0,0.0725,2009-10-08,0.0725,0.07
0.075,172500.0,0.075,2009-10-09,0.075,0.075
0.075,379250.0,0.0775,2009-10-12,0.0775,0.075
0.08,944750.0,0.08,2009-10-13,0.0825,0.08
0.08,24000.0,0.08,2009-10-14,0.08,0.08
0.08,16000.0,0.08,2009-10-15,0.08,0.08
0.0825,681250.0,0.08,2009-10-16,0.0825,0.08
0.075,384000.0,0.0825,2009-10-20,0.085,0.075
0.08,703500.0,0.0825,2009-10-21,0.0825,0.0775
0.08,80000.0,0.08,2009-10-22,0.08,0.08
0.085,8500.0,0.085,2009-10-23,0.085,0.085
0.0825,24750.0,0.0825,2009-10-26,0.0825,0.0825
0.0825,41250.0,0.0825,2009-10-27,0.0825,0.0825
0.0775,23250.0,0.0775,2009-10-28,0.0775,0.0775
0.08,32000.0,0.08,2009-10-30,0.08,0.08
0.0725,29500.0,0.075,2009-11-05,0.075,0.0725
0.08,658250.0,0.08,2009-11-09,0.0825,0.08
0.08,64000.0,0.08,2009-11-10,0.08,0.08
0.08,1586000.0,0.0825,2009-11-11,0.09,0.08
0.0725,203000.0,0.0725,2009-12-15,0.0725,0.0725
0.07,86500.0,0.0725,2009-12-16,0.0725,0.07
0.0725,347750.0,0.07,2009-12-17,0.0725,0.07
0.075,75000.0,0.075,2009-12-18,0.075,0.075
0.0725,7250.0,0.0725,2009-12-23,0.0725,0.0725
0.0775,31000.0,0.0775,2010-01-05,0.0775,0.0775
0.075,82750.0,0.0775,2010-01-06,0.0775,0.075
0.0775,1596500.0,0.08,2010-01-07,0.0825,0.0775
0.0825,1135250.0,0.08,2010-01-08,0.085,0.0775
0.0825,2969500.0,0.07,2010-01-11,0.0825,0.07
0.0775,446250.0,0.0725,2010-01-12,0.0775,0.0725
0.075,235000.0,0.0725,2010-01-13,0.075,0.0725
0.0725,539750.0,0.07,2010-01-14,0.0725,0.07
0.07,112000.0,0.07,2010-01-18,0.07,0.07
0.07,70000.0,0.07,2010-01-19,0.07,0.07
0.0725,1332000.0,0.08,2010-01-20,0.08,0.0725
0.08,637000.0,0.0775,2010-01-21,0.0825,0.0775
0.08,32000.0,0.08,2010-01-22,0.08,0.08
0.08,178250.0,0.075,2010-01-25,0.08,0.0725
0.0725,564250.0,0.0725,2010-01-26,0.0725,0.07
0.07,789000.0,0.0625,2010-01-27,0.07,0.0575
0.0625,1486000.0,0.065,2010-01-28,0.065,0.06
0.07,434250.0,0.075,2010-01-29,0.075,0.0675
0.07,2850000.0,0.0625,2010-02-01,0.07,0.0625
0.0625,826500.0,0.06,2010-02-02,0.065,0.06
0.0625,31250.0,0.0625,2010-02-03,0.0625,0.0625
0.0575,201250.0,0.0575,2010-02-04,0.0575,0.0575
0.055,45500.0,0.06,2010-02-05,0.06,0.055
0.055,84000.0,0.065,2010-02-08,0.065,0.055
0.0625,25000.0,0.0625,2010-02-09,0.0625,0.0625
0.0575,57500.0,0.0575,2010-02-10,0.0575,0.0575
0.06,78000.0,0.06,2010-02-11,0.06,0.06
0.0625,31250.0,0.0625,2010-03-08,0.0625,0.0625
0.06,60000.0,0.06,2010-03-12,0.06,0.06
0.06,120000.0,0.06,2010-03-16,0.06,0.06
0.06,155000.0,0.0625,2010-03-17,0.0625,0.06
0.0575,5750.0,0.0575,2010-05-04,0.0575,0.0575
0.0575,5750.0,0.0575,2010-05-14,0.0575,0.0575
0.06,1818000.0,0.06,2010-05-21,0.06,0.06
0.06,18000.0,0.06,2010-05-25,0.06,0.06
0.0575,57500.0,0.0575,2010-05-27,0.0575,0.0575
0.0525,5250.0,0.0525,2010-05-28,0.0525,0.0525
0.0575,120000.0,0.055,2010-05-31,0.0575,0.055
0.06,1588750.0,0.065,2010-06-02,0.07,0.06
0.065,321500.0,0.065,2010-06-03,0.065,0.0625
0.0675,66250.0,0.065,2010-06-04,0.0675,0.065
0.0625,104500.0,0.06,2010-06-07,0.0625,0.06
0.06,264000.0,0.06,2010-06-09,0.06,0.06
0.06,66000.0,0.06,2010-06-10,0.06,0.06
0.06,60000.0,0.06,2010-06-11,0.06,0.06
0.06,311500.0,0.065,2010-06-15,0.065,0.06
0.065,108750.0,0.06,2010-06-16,0.0675,0.06
0.0575,357500.0,0.06,2010-06-21,0.06,0.0575
0.06,414000.0,0.06,2010-06-22,0.06,0.06
0.06,12000.0,0.06,2010-06-23,0.06,0.06
0.06,12000.0,0.06,2010-06-28,0.06,0.06
0.0575,115000.0,0.0575,2010-07-02,0.0575,0.0575
0.055,154000.0,0.055,2010-07-07,0.055,0.055
0.055,11000.0,0.055,2010-07-08,0.055,0.055
0.055,234750.0,0.0575,2010-07-09,0.0575,0.055
0.0575,28750.0,0.0575,2010-07-13,0.0575,0.0575
0.0575,172500.0,0.0575,2010-07-20,0.0575,0.0575
0.0575,103500.0,0.0575,2010-07-21,0.0575,0.0575
0.0575,69000.0,0.0575,2010-07-23,0.0575,0.0575
0.054,117760.0,0.054,2010-09-20,0.056,0.054
0.054,44000.0,0.058,2010-09-21,0.058,0.054
0.058,132030.0,0.055,2010-09-22,0.058,0.055
0.055,45950.0,0.057,2010-09-23,0.057,0.055
0.058,262030.0,0.063,2010-09-24,0.063,0.058
0.063,103360.0,0.065,2010-09-27,0.065,0.06
0.057,339150.0,0.067,2010-09-28,0.067,0.057
0.065,771300.0,0.06,2010-09-30,0.065,0.06
0.063,39690.0,0.063,2010-10-01,0.063,0.063
0.063,2520.0,0.063,2010-10-04,0.063,0.063
0.06,95400.0,0.058,2010-10-07,0.06,0.058
0.058,116000.0,0.058,2010-10-08,0.058,0.058
0.06,1800.0,0.06,2010-10-12,0.06,0.06
0.055,15400.0,0.055,2010-10-14,0.055,0.055
0.055,72070.0,0.055,2010-10-15,0.057,0.055
0.055,181500.0,0.055,2010-10-18,0.055,0.055
0.055,4400.0,0.055,2010-10-19,0.055,0.055
0.056,560.0,0.056,2010-10-20,0.056,0.056
0.052,15600.0,0.052,2010-10-29,0.052,0.052
0.052,3120.0,0.052,2010-11-04,0.052,0.052
0.052,5200.0,0.052,2010-11-08,0.052,0.052
0.052,21320.0,0.052,2010-11-10,0.052,0.052
0.052,10400.0,0.052,2010-11-12,0.052,0.052
0.052,67600.0,0.052,2010-11-15,0.052,0.052
0.052,73840.0,0.052,2010-11-17,0.052,0.052
0.051,11220.0,0.051,2010-11-18,0.051,0.051
0.051,2040.0,0.051,2010-11-19,0.051,0.051
0.051,10710.0,0.051,2010-11-22,0.051,0.051
0.051,1530.0,0.051,2010-11-23,0.051,0.051
0.051,1530.0,0.051,2010-12-01,0.051,0.051
0.05,15000.0,0.05,2010-12-02,0.05,0.05
0.05,350000.0,0.05,2010-12-06,0.05,0.05
0.05,11500.0,0.05,2010-12-07,0.05,0.05
0.05,11000.0,0.05,2010-12-08,0.05,0.05
0.054,371800.0,0.06,2011-01-05,0.06,0.054
0.065,639720.0,0.058,2011-01-06,0.065,0.058
0.056,124810.0,0.065,2011-01-07,0.065,0.056
0.06,123400.0,0.061,2011-01-10,0.061,0.06
0.059,119180.0,0.059,2011-01-11,0.059,0.059
0.059,119180.0,0.059,2011-01-11,0.059,0.059
0.059,100270.0,0.059,2011-01-12,0.061,0.059
0.062,213790.0,0.063,2011-01-13,0.063,0.061
0.064,56300.0,0.062,2011-01-14,0.064,0.062
0.062,24800.0,0.062,2011-01-17,0.062,0.062
0.06,1200.0,0.06,2011-01-19,0.06,0.06
0.06,1200.0,0.06,2011-01-19,0.06,0.06
0.06,194400.0,0.06,2011-01-20,0.06,0.06
0.06,194400.0,0.06,2011-01-20,0.06,0.06
0.059,29500.0,0.059,2011-01-24,0.059,0.059
0.059,29500.0,0.059,2011-01-25,0.059,0.059
0.059,11800.0,0.059,2011-01-26,0.059,0.059
0.059,11800.0,0.059,2011-01-27,0.059,0.059
0.059,5310.0,0.059,2011-01-28,0.059,0.059
0.059,5310.0,0.059,2011-01-28,0.059,0.059
0.055,170500.0,0.055,2011-02-16,0.055,0.055
0.055,170500.0,0.055,2011-02-16,0.055,0.055
0.055,275450.0,0.05,2011-02-17,0.055,0.05
0.057,45600.0,0.057,2011-02-21,0.057,0.057
0.057,45600.0,0.057,2011-02-21,0.057,0.057
0.051,51000.0,0.051,2011-02-22,0.051,0.051
0.051,51000.0,0.051,2011-02-22,0.051,0.051
0.052,54890.0,0.049,2011-02-24,0.052,0.049
0.052,54890.0,0.049,2011-02-24,0.052,0.049
0.049,127400.0,0.049,2011-02-28,0.049,0.049
0.048,96000.0,0.048,2011-03-04,0.048,0.048
0.048,96000.0,0.048,2011-03-04,0.048,0.048
0.048,19200.0,0.048,2011-03-18,0.048,0.048
0.047,111100.0,0.048,2011-03-21,0.049,0.047
0.048,124800.0,0.048,2011-03-22,0.048,0.048
0.048,14400.0,0.048,2011-03-23,0.048,0.048
0.048,78500.0,0.05,2011-03-24,0.05,0.048
0.05,45000.0,0.05,2011-03-25,0.05,0.05
0.05,15000.0,0.05,2011-03-28,0.05,0.05
0.05,35080.0,0.048,2011-03-29,0.05,0.048
0.047,14100.0,0.047,2011-04-05,0.047,0.047
0.048,9600.0,0.048,2011-04-06,0.048,0.048
0.049,14700.0,0.049,2011-04-07,0.049,0.049
0.048,4800.0,0.048,2011-04-11,0.048,0.048
0.046,46000.0,0.046,2011-04-26,0.046,0.046
0.044,4400.0,0.044,2011-05-19,0.044,0.044
0.045,52900.0,0.044,2011-05-24,0.045,0.044
0.045,90000.0,0.045,2011-05-31,0.045,0.045
0.044,26400.0,0.044,2011-06-01,0.044,0.044
0.044,26400.0,0.044,2011-06-08,0.044,0.044
0.046,18400.0,0.046,2011-06-09,0.046,0.046
0.044,13200.0,0.044,2011-06-14,0.044,0.044
0.044,4400.0,0.044,2011-06-16,0.044,0.044
0.044,88000.0,0.044,2011-06-21,0.044,0.044
0.048,63300.0,0.045,2011-06-27,0.048,0.045
0.044,598900.0,0.045,2011-06-28,0.045,0.04
0.045,4500.0,0.045,2011-06-29,0.045,0.045
0.046,23000.0,0.046,2011-06-30,0.046,0.046
0.047,4700.0,0.047,2011-07-01,0.047,0.047
0.047,14100.0,0.047,2011-07-04,0.047,0.047
0.043,64500.0,0.043,2011-07-05,0.043,0.043
0.043,94000.0,0.042,2011-07-06,0.043,0.042
0.044,8800.0,0.044,2011-07-08,0.044,0.044
0.043,376300.0,0.047,2011-07-15,0.047,0.043
0.047,1952700.0,0.06,2011-07-18,0.06,0.047
0.055,2497050.0,0.06,2011-07-19,0.067,0.055
0.06,631760.0,0.063,2011-07-20,0.065,0.06
0.064,113000.0,0.06,2011-07-21,0.064,0.06
0.056,108800.0,0.057,2011-07-22,0.059,0.056
0.055,68000.0,0.057,2011-07-25,0.057,0.055
0.055,19570.0,0.057,2011-07-26,0.057,0.055
0.057,1710.0,0.057,2011-07-29,0.057,0.057
0.057,25150.0,0.056,2011-08-01,0.057,0.055
0.058,34800.0,0.058,2011-08-02,0.058,0.058
0.06,144500.0,0.055,2011-08-03,0.06,0.055
0.056,56000.0,0.056,2011-08-04,0.056,0.056
0.05,36000.0,0.055,2011-08-05,0.055,0.05
0.055,49500.0,0.055,2011-08-08,0.055,0.055
0.05,122000.0,0.048,2011-08-09,0.05,0.048
0.048,105800.0,0.053,2011-08-10,0.053,0.048
0.054,32400.0,0.054,2011-08-11,0.054,0.054
0.048,480.0,0.048,2011-08-15,0.048,0.048
0.051,260100.0,0.051,2011-08-17,0.051,0.051
0.052,715540.0,0.054,2011-08-26,0.054,0.05
0.056,30290.0,0.057,2011-08-31,0.058,0.056
0.057,3304940.0,0.069,2011-09-01,0.075,0.057
0.069,1020390.0,0.059,2011-09-02,0.071,0.059
0.062,15350.0,0.062,2011-09-05,0.062,0.06
0.063,111030.0,0.06,2011-09-06,0.063,0.06
0.063,94470.0,0.059,2011-09-07,0.063,0.055
0.058,16820.0,0.058,2011-09-08,0.058,0.058
0.055,82150.0,0.057,2011-09-09,0.058,0.054
0.057,117850.0,0.058,2011-09-12,0.058,0.057
0.057,414960.0,0.059,2011-09-13,0.06,0.057
0.057,261160.0,0.058,2011-09-14,0.059,0.057
0.06,76480.0,0.058,2011-09-15,0.06,0.057
0.058,25620.0,0.059,2011-09-16,0.059,0.058
0.059,425970.0,0.06,2011-09-19,0.062,0.059
0.06,169250.0,0.059,2011-09-20,0.061,0.059
0.061,7930.0,0.061,2011-09-21,0.061,0.061
0.062,29410310.0,0.062,2011-09-22,0.076,0.06
0.06,1488980.0,0.055,2011-09-23,0.061,0.051
0.06,970490.0,0.049,2011-09-26,0.06,0.048
0.052,266300.0,0.05,2011-09-28,0.053,0.046
0.049,119780.0,0.048,2011-09-29,0.049,0.045
0.047,581900.0,0.045,2011-10-03,0.047,0.042
0.045,157900.0,0.047,2011-10-04,0.048,0.045
0.047,18100.0,0.048,2011-10-05,0.048,0.043
0.048,99900.0,0.048,2011-10-06,0.048,0.045
0.05,94300.0,0.049,2011-10-07,0.051,0.049
0.048,306900.0,0.048,2011-10-10,0.049,0.047
0.047,215700.0,0.046,2011-10-11,0.047,0.045
0.045,160800.0,0.048,2011-10-12,0.048,0.045
0.046,291100.0,0.047,2011-10-13,0.047,0.044
0.047,224500.0,0.046,2011-10-14,0.047,0.045
0.047,718600.0,0.05,2011-10-17,0.052,0.047
0.05,342940.0,0.049,2011-10-18,0.05,0.047
0.049,111600.0,0.049,2011-10-19,0.05,0.047
0.047,202700.0,0.048,2011-10-20,0.048,0.046
0.05,226300.0,0.048,2011-10-21,0.05,0.047
0.048,28900.0,0.049,2011-10-24,0.049,0.048
0.049,72300.0,0.048,2011-10-25,0.049,0.048
0.048,19300.0,0.049,2011-10-26,0.049,0.048
0.049,38600.0,0.049,2011-10-27,0.049,0.048
0.049,113800.0,0.05,2011-10-28,0.051,0.049
0.047,9400.0,0.047,2011-11-02,0.047,0.047
0.048,98800.0,0.047,2011-11-03,0.048,0.047
0.049,4900.0,0.049,2011-11-04,0.049,0.049
0.047,151000.0,0.05,2011-11-10,0.05,0.047
0.052,61690.0,0.05,2011-11-11,0.052,0.048
0.047,1470.0,0.05,2011-11-14,0.05,0.047
0.047,2910.0,0.05,2011-11-15,0.05,0.047
0.047,970.0,0.05,2011-11-16,0.05,0.047
0.05,2940.0,0.048,2011-11-17,0.05,0.048
0.05,255000.0,0.05,2011-11-18,0.052,0.05
0.05,44500.0,0.05,2011-11-21,0.05,0.05
0.051,557440.0,0.053,2011-11-22,0.058,0.05
0.053,296660.0,0.053,2011-11-23,0.055,0.052
0.053,30700.0,0.053,2011-11-24,0.053,0.05
0.054,149560.0,0.052,2011-11-25,0.054,0.051
0.052,120670.0,0.053,2011-11-28,0.053,0.051
0.052,457290.0,0.052,2011-12-01,0.052,0.049
0.05,13429350.0,0.063,2011-12-02,0.068,0.05
0.064,792540.0,0.057,2011-12-05,0.065,0.057
0.058,187480.0,0.057,2011-12-06,0.06,0.055
0.058,1592020.0,0.058,2011-12-07,0.062,0.058
0.056,123060.0,0.059,2011-12-08,0.06,0.056
0.058,102660.0,0.06,2011-12-09,0.06,0.058
0.058,159640.0,0.058,2011-12-12,0.061,0.058
0.059,286530.0,0.058,2011-12-14,0.061,0.058
0.055,1100.0,0.055,2011-12-15,0.055,0.055
0.06,95300.0,0.057,2011-12-16,0.06,0.056
0.057,214330.0,0.055,2011-12-19,0.057,0.05
0.055,263800.0,0.055,2011-12-21,0.055,0.053
0.055,57190.0,0.055,2011-12-22,0.055,0.054
0.054,243950.0,0.054,2011-12-23,0.057,0.054
0.051,3895680.0,0.059,2011-12-26,0.059,0.051
0.058,8679800.0,0.054,2011-12-27,0.058,0.054
0.057,293030.0,0.056,2011-12-28,0.057,0.052
0.056,9046240.0,0.056,2011-12-29,0.056,0.056
0.056,260810.0,0.056,2012-01-02,0.058,0.054
0.053,13400.0,0.056,2012-01-03,0.056,0.053
0.056,406300.0,0.058,2012-01-04,0.058,0.056
0.055,99220.0,0.056,2012-01-05,0.058,0.055
0.058,92360.0,0.058,2012-01-06,0.059,0.056
0.059,5900.0,0.059,2012-01-09,0.059,0.059
0.058,580.0,0.058,2012-01-10,0.058,0.058
0.058,31910.0,0.059,2012-01-11,0.059,0.056
0.058,1010070.0,0.06,2012-01-12,0.062,0.056
0.058,592600.0,0.06,2012-01-13,0.06,0.058
0.06,139500.0,0.06,2012-01-16,0.061,0.06
0.06,242940.0,0.059,2012-01-17,0.061,0.059
0.058,9044230.0,0.061,2012-01-19,0.062,0.058
0.062,129240.0,0.061,2012-01-20,0.062,0.06
0.061,15105630.0,0.065,2012-01-24,0.067,0.056
0.064,255900.0,0.065,2012-01-25,0.066,0.064
0.065,376440.0,0.065,2012-01-26,0.065,0.064
0.063,1135150.0,0.065,2012-01-27,0.066,0.062
0.064,65280.0,0.064,2012-01-30,0.064,0.064
0.065,1367520.0,0.066,2012-01-31,0.067,0.063
0.066,8225160.0,0.074,2012-02-01,0.076,0.065
0.074,1450800.0,0.072,2012-02-02,0.076,0.069
0.072,393650.0,0.068,2012-02-03,0.072,0.066
0.069,116110.0,0.07,2012-02-06,0.07,0.066
0.068,77090.0,0.069,2012-02-07,0.07,0.065
0.064,92980.0,0.069,2012-02-08,0.069,0.064
0.064,1071950.0,0.063,2012-02-09,0.068,0.061
0.066,235590.0,0.063,2012-02-10,0.066,0.063
0.063,315410.0,0.065,2012-02-13,0.066,0.063
0.068,680.0,0.068,2012-02-14,0.068,0.068
0.066,13200.0,0.066,2012-02-16,0.066,0.066
0.066,15200.0,0.068,2012-02-17,0.068,0.066
0.064,39730.0,0.065,2012-02-20,0.068,0.064
0.064,1980.0,0.067,2012-02-21,0.067,0.064
0.064,102430.0,0.064,2012-02-22,0.067,0.064
0.064,201000.0,0.065,2012-02-23,0.068,0.064
0.065,234670.0,0.064,2012-02-24,0.065,0.063
0.065,650.0,0.065,2012-02-27,0.065,0.065
0.063,14510.0,0.065,2012-02-29,0.065,0.063
0.061,249500.0,0.06,2012-03-01,0.061,0.06
0.064,4330.0,0.064,2012-03-02,0.064,0.061
0.061,12830.0,0.063,2012-03-05,0.063,0.061
0.062,52900.0,0.063,2012-03-06,0.063,0.062
0.06,552860.0,0.062,2012-03-07,0.063,0.06
0.061,103800.0,0.062,2012-03-08,0.062,0.061
0.06,85060.0,0.063,2012-03-09,0.063,0.06
0.063,3160.0,0.064,2012-03-13,0.064,0.063
0.061,20130.0,0.061,2012-03-14,0.061,0.061
0.061,2440.0,0.061,2012-03-15,0.061,0.061
0.061,68720.0,0.062,2012-03-16,0.062,0.061
0.06,529100.0,0.065,2012-03-19,0.066,0.06
0.061,96660.0,0.066,2012-03-20,0.067,0.061
0.061,174970.0,0.065,2012-03-22,0.066,0.061
0.067,345440.0,0.067,2012-03-26,0.068,0.063
0.065,21960.0,0.064,2012-03-27,0.065,0.064
0.066,19960.0,0.064,2012-03-28,0.066,0.063
0.062,707000.0,0.062,2012-03-29,0.062,0.06
0.065,62420.0,0.061,2012-03-30,0.065,0.061
0.062,6200.0,0.062,2012-04-02,0.062,0.062
0.06,309080.0,0.06,2012-04-03,0.063,0.06
0.06,1820.0,0.062,2012-04-04,0.062,0.06
0.06,9030.0,0.063,2012-04-10,0.063,0.06
0.06,18620.0,0.062,2012-04-12,0.062,0.06
0.06,286700.0,0.059,2012-04-16,0.061,0.059
0.063,240400.0,0.062,2012-04-17,0.063,0.059
0.059,4170.0,0.061,2012-04-18,0.061,0.059
0.059,249590.0,0.06,2012-04-20,0.06,0.059
0.06,12600.0,0.06,2012-04-23,0.06,0.06
0.058,81860.0,0.058,2012-04-24,0.06,0.058
0.06,188520.0,0.058,2012-04-25,0.06,0.058
0.06,219680.0,0.057,2012-04-26,0.06,0.057
0.057,570.0,0.057,2012-04-27,0.057,0.057
0.057,55860.0,0.057,2012-05-02,0.057,0.057
0.057,6840.0,0.057,2012-05-04,0.057,0.057
0.055,76960.0,0.056,2012-05-07,0.056,0.053
0.053,204980.0,0.052,2012-05-08,0.053,0.052
0.056,560.0,0.056,2012-05-09,0.056,0.056
0.055,80950.0,0.051,2012-05-14,0.055,0.051
0.05,120120.0,0.052,2012-05-15,0.052,0.049
0.055,550.0,0.055,2012-05-22,0.055,0.055
0.054,21070.0,0.055,2012-05-25,0.055,0.054
0.049,5380.0,0.055,2012-05-29,0.055,0.048
0.055,113300.0,0.055,2012-05-31,0.055,0.055
0.05,1040.0,0.054,2012-06-07,0.054,0.05
0.048,81660.0,0.05,2012-06-08,0.054,0.048
0.05,41840.0,0.054,2012-06-11,0.054,0.049
0.05,10520.0,0.052,2012-06-14,0.052,0.05
0.05,23640.0,0.052,2012-06-15,0.052,0.05
0.052,12470.0,0.053,2012-06-19,0.053,0.05
0.053,265000.0,0.053,2012-06-21,0.053,0.053
0.053,21730.0,0.053,2012-06-26,0.053,0.053
0.053,106320.0,0.05,2012-06-27,0.054,0.05
0.053,340160.0,0.052,2012-06-28,0.053,0.05
0.052,312250.0,0.053,2012-06-29,0.053,0.052
0.054,357910.0,0.054,2012-07-02,0.058,0.054
0.053,226300.0,0.054,2012-07-03,0.054,0.053
0.051,76000.0,0.05,2012-07-06,0.051,0.05
0.05,348000.0,0.05,2012-07-09,0.05,0.05
0.052,54750.0,0.055,2012-07-10,0.055,0.052
0.051,275900.0,0.052,2012-07-11,0.052,0.049
0.05,155020.0,0.05,2012-07-12,0.051,0.05
0.05,10000.0,0.05,2012-07-13,0.05,0.05
0.049,392000.0,0.049,2012-07-17,0.049,0.049
0.05,186300.0,0.049,2012-07-18,0.05,0.049
0.049,456500.0,0.047,2012-07-19,0.049,0.047
0.05,15000.0,0.05,2012-07-20,0.05,0.05
0.052,158340.0,0.047,2012-07-23,0.052,0.047
0.05,5000.0,0.05,2012-07-24,0.05,0.05
0.052,10520.0,0.05,2012-07-25,0.052,0.05
0.047,203450.0,0.051,2012-07-27,0.051,0.047
0.049,24500.0,0.049,2012-07-31,0.049,0.049
0.05,15000.0,0.05,2012-08-01,0.05,0.05
0.049,162100.0,0.05,2012-08-02,0.05,0.047
0.049,69620.0,0.046,2012-08-03,0.05,0.046
0.048,4800.0,0.048,2012-08-06,0.048,0.048
0.048,9800.0,0.05,2012-08-08,0.05,0.048
0.04,950.0,0.055,2012-08-09,0.055,0.04
0.052,10400.0,0.052,2012-08-15,0.052,0.052
0.05,2500.0,0.05,2012-08-16,0.05,0.05
0.042,210520.0,0.052,2012-08-22,0.052,0.042
0.046,6520.0,0.05,2012-08-28,0.05,0.046
0.05,500.0,0.05,2012-08-29,0.05,0.05
0.045,38700.0,0.045,2012-08-30,0.045,0.045
0.045,50300.0,0.046,2012-09-03,0.046,0.045
0.046,46000.0,0.046,2012-09-05,0.046,0.046
0.046,13800.0,0.046,2012-09-10,0.046,0.046
0.046,23000.0,0.046,2012-09-11,0.046,0.046
0.046,23000.0,0.046,2012-09-13,0.046,0.046
0.046,46000.0,0.046,2012-09-18,0.046,0.046
0.047,9400.0,0.047,2012-09-21,0.047,0.047
0.045,9000.0,0.045,2012-09-27,0.045,0.045
0.045,31500.0,0.045,2012-09-28,0.045,0.045
0.045,9000.0,0.045,2012-10-02,0.045,0.045
0.044,8900.0,0.045,2012-10-03,0.045,0.044
0.043,92300.0,0.044,2012-10-04,0.044,0.043
0.046,713600.0,0.047,2012-10-05,0.055,0.046
0.048,86400.0,0.048,2012-10-08,0.048,0.048
0.047,293700.0,0.048,2012-10-10,0.05,0.047
0.047,150400.0,0.047,2012-10-11,0.047,0.047
0.047,4700.0,0.047,2012-10-15,0.047,0.047
0.048,96000.0,0.048,2012-10-16,0.048,0.048
0.047,103600.0,0.048,2012-10-19,0.048,0.047
0.046,138000.0,0.046,2012-10-22,0.046,0.046
0.048,478500.0,0.046,2012-10-23,0.048,0.045
0.045,81000.0,0.045,2012-10-24,0.045,0.045
0.045,112500.0,0.045,2012-10-25,0.045,0.045
0.046,23000.0,0.046,2012-10-29,0.046,0.046
0.046,253000.0,0.046,2012-10-30,0.046,0.046
0.046,161000.0,0.046,2012-10-31,0.046,0.046
0.045,563000.0,0.045,2012-11-05,0.046,0.045
0.045,252500.0,0.045,2012-11-06,0.046,0.045
0.044,44000.0,0.044,2012-11-07,0.044,0.044
0.044,13200.0,0.044,2012-11-08,0.044,0.044
0.044,44000.0,0.044,2012-11-15,0.044,0.044
0.044,66000.0,0.044,2012-11-19,0.044,0.044
0.048,9600.0,0.048,2012-11-28,0.048,0.048
0.046,9200.0,0.046,2012-12-03,0.046,0.046
0.047,8609400.0,0.069,2012-12-10,0.069,0.047
0.069,11800010.0,0.058,2012-12-11,0.085,0.058
0.058,1437970.0,0.06,2012-12-12,0.065,0.057
0.063,331470.0,0.057,2012-12-13,0.063,0.054
0.055,164470.0,0.053,2012-12-14,0.06,0.053
0.051,496140.0,0.054,2012-12-17,0.057,0.051
0.052,235910.0,0.051,2012-12-18,0.053,0.051
0.051,197170.0,0.048,2012-12-19,0.051,0.048
0.046,42000.0,0.05,2012-12-20,0.05,0.046
0.048,12540.0,0.048,2012-12-21,0.05,0.048
0.046,69900.0,0.048,2012-12-26,0.048,0.046
0.048,98000.0,0.05,2012-12-27,0.05,0.048
0.049,3370.0,0.048,2012-12-28,0.049,0.048
0.047,60300.0,0.053,2013-01-02,0.053,0.047
0.054,26670.0,0.055,2013-01-03,0.056,0.051
0.058,539280.0,0.059,2013-01-04,0.059,0.052
0.06,877660.0,0.053,2013-01-07,0.06,0.053
0.052,255200.0,0.054,2013-01-08,0.055,0.052
0.052,314510.0,0.053,2013-01-09,0.056,0.05
0.051,64000.0,0.05,2013-01-10,0.051,0.05
0.051,22949.999999999996,0.051,2013-01-11,0.051,0.051
0.054,237470.0,0.051,2013-01-14,0.054,0.05
0.05,91780.0,0.051,2013-01-15,0.052,0.05
0.05,1697140.0,0.055,2013-01-16,0.059,0.05
0.055,121000.0,0.055,2013-01-17,0.055,0.052
0.052,123000.0,0.052,2013-01-18,0.052,0.051
0.052,109200.0,0.052,2013-01-21,0.052,0.052
0.052,183640.0,0.051,2013-01-22,0.052,0.051
0.055,61650.0,0.053,2013-01-23,0.055,0.053
0.051,11830.0,0.051,2013-01-24,0.053,0.051
0.051,223890.0,0.051,2013-01-25,0.051,0.051
0.051,81600.0,0.051,2013-01-29,0.051,0.051
0.052,3640.0,0.052,2013-01-30,0.052,0.052
0.052,81800.0,0.051,2013-01-31,0.052,0.051
0.051,43860.0,0.051,2013-02-01,0.051,0.051
0.05,38230.0,0.051,2013-02-04,0.051,0.05
0.051,23660.0,0.053,2013-02-05,0.053,0.051
0.051,245670.0,0.054,2013-02-06,0.054,0.051
0.054,62640.0,0.054,2013-02-08,0.054,0.054
0.055,550.0,0.055,2013-02-12,0.055,0.055
0.055,550.0,0.055,2013-02-13,0.055,0.055
0.055,24050.0,0.051,2013-02-15,0.055,0.051
0.051,15300.0,0.051,2013-02-18,0.051,0.051
0.051,51510.0,0.051,2013-02-19,0.051,0.051
0.051,1019.9999999999999,0.051,2013-02-20,0.051,0.051
0.051,118500.0,0.051,2013-02-21,0.051,0.05
0.051,40400.0,0.05,2013-02-25,0.051,0.05
0.053,238500.0,0.053,2013-02-26,0.053,0.053
0.05,34000.0,0.05,2013-02-27,0.053,0.05
0.05,35000.0,0.05,2013-03-05,0.05,0.05
0.05,75000.0,0.05,2013-03-06,0.05,0.05
0.052,1249660.0,0.055,2013-03-08,0.056,0.052
0.054,34280.0,0.052,2013-03-11,0.055,0.052
0.053,1055800.0,0.056,2013-03-12,0.06,0.053
0.055,1521850.0,0.057,2013-03-13,0.06,0.055
0.057,148060.0,0.055,2013-03-14,0.057,0.055
0.053,158470.0,0.053,2013-03-15,0.053,0.053
0.052,139820.0,0.05,2013-03-18,0.052,0.05
0.051,189690.0,0.052,2013-03-19,0.052,0.051
0.051,25500.0,0.051,2013-03-20,0.051,0.051
0.051,20600.0,0.052,2013-03-21,0.052,0.051
0.051,138440.0,0.052,2013-03-22,0.053,0.051
0.053,278250.0,0.055,2013-03-25,0.055,0.053
0.055,550.0,0.055,2013-03-26,0.055,0.055
0.056,56000.0,0.056,2013-04-02,0.056,0.056
0.052,1219400.0,0.052,2013-04-03,0.052,0.052
0.052,109200.0,0.052,2013-04-04,0.052,0.052
0.052,5200.0,0.052,2013-04-05,0.052,0.052
0.051,105420.0,0.053,2013-04-08,0.053,0.051
0.053,5300.0,0.053,2013-04-11,0.053,0.053
0.053,50350.0,0.053,2013-04-12,0.053,0.053
0.052,51120.0,0.051,2013-04-15,0.052,0.051
0.051,30600.0,0.051,2013-04-16,0.051,0.051
0.052,10400.0,0.052,2013-04-18,0.052,0.052
0.052,52000.0,0.052,2013-04-19,0.052,0.052
0.052,10310.0,0.052,2013-04-22,0.052,0.051
0.051,44370.0,0.051,2013-04-23,0.051,0.051
0.052,2427630.0,0.053,2013-04-24,0.059,0.052
0.055,272890.0,0.052,2013-04-25,0.055,0.052
0.052,176800.0,0.052,2013-04-26,0.052,0.052
0.052,350660.0,0.052,2013-04-29,0.053,0.052
0.052,76800.0,0.051,2013-04-30,0.052,0.051
0.053,216830.0,0.052,2013-05-02,0.054,0.051
0.051,509.99999999999994,0.051,2013-05-03,0.051,0.051
0.051,4080.0,0.051,2013-05-06,0.051,0.051
0.051,137190.0,0.051,2013-05-07,0.051,0.051
0.051,74970.0,0.051,2013-05-09,0.051,0.051
0.051,5100.0,0.051,2013-05-10,0.051,0.051
0.051,11220.0,0.051,2013-05-14,0.051,0.051
0.053,275130.0,0.052,2013-05-15,0.056,0.052
0.052,154000.0,0.051,2013-05-16,0.052,0.051
0.053,53500.0,0.054,2013-05-17,0.054,0.053
0.051,24260.0,0.053,2013-05-20,0.053,0.051
0.054,1080.0,0.054,2013-05-21,0.054,0.054
0.051,30599.999999999996,0.051,2013-05-22,0.051,0.051
0.052,25520.0,0.051,2013-05-23,0.052,0.051
0.051,5100.0,0.051,2013-05-24,0.051,0.051
0.051,25500.0,0.051,2013-05-27,0.051,0.051
0.051,37160.0,0.053,2013-05-28,0.053,0.051
0.051,127500.0,0.051,2013-05-29,0.051,0.051
0.05,93230.0,0.051,2013-05-30,0.051,0.05
0.051,5100.0,0.051,2013-05-31,0.051,0.051
0.052,26210.0,0.05,2013-06-03,0.052,0.05
0.05,348000.0,0.047,2013-06-04,0.05,0.047
0.045,22500.0,0.045,2013-06-06,0.045,0.045
0.046,4600.0,0.046,2013-06-10,0.046,0.046
0.045,155000.0,0.05,2013-06-11,0.05,0.045
0.045,450.0,0.045,2013-06-13,0.045,0.045
0.048,24000.0,0.048,2013-06-14,0.048,0.048
0.045,4500.0,0.045,2013-06-25,0.045,0.045
0.045,9000.0,0.045,2013-06-28,0.045,0.045
0.048,365700.0,0.053,2013-07-01,0.053,0.048
0.053,10300.0,0.05,2013-07-02,0.053,0.05
0.045,8180.0,0.046,2013-07-05,0.046,0.045
0.045,45000.0,0.045,2013-07-10,0.045,0.045
0.045,22500.0,0.045,2013-07-12,0.045,0.045
0.045,70900.0,0.044,2013-07-17,0.045,0.044
0.045,45500.0,0.05,2013-07-24,0.05,0.045
0.05,50000.0,0.05,2013-07-26,0.05,0.05
0.045,84260.0,0.044,2013-07-29,0.045,0.044
0.045,31900.0,0.046,2013-08-12,0.046,0.045
0.046,13800.0,0.046,2013-08-14,0.046,0.046
0.048,208600.0,0.05,2013-08-27,0.05,0.048
0.049,490.0,0.049,2013-08-28,0.049,0.049
0.045,9000.0,0.045,2013-08-29,0.045,0.045
0.041,24100.0,0.04,2013-09-02,0.041,0.04
0.045,4500.0,0.045,2013-09-03,0.045,0.045
0.04,4000.0,0.04,2013-09-05,0.04,0.04
0.04,12000.0,0.04,2013-09-17,0.04,0.04
0.041,8200.0,0.041,2013-09-19,0.041,0.041
0.04,42500.0,0.037,2013-09-26,0.04,0.037
0.039,87700.0,0.038,2013-10-09,0.039,0.038
0.037,25900.0,0.037,2013-10-10,0.037,0.037
0.038,179800.0,0.04,2013-10-21,0.043,0.038
0.037,40700.0,0.037,2013-10-30,0.037,0.037
0.037,55500.0,0.037,2013-10-31,0.037,0.037
0.037,25900.0,0.037,2013-11-04,0.037,0.037
0.035,7000.000000000001,0.035,2013-11-12,0.035,0.035
0.036,14399.999999999998,0.036,2013-11-13,0.036,0.036
0.035,7000.000000000001,0.035,2013-11-14,0.035,0.035
0.035,112000.0,0.035,2013-11-15,0.035,0.035
0.03,15000.0,0.03,2013-12-05,0.03,0.03
0.028,6500.0,0.037,2013-12-11,0.037,0.028
0.026,2600.0,0.026,2013-12-19,0.026,0.026
0.035,17500.0,0.035,2013-12-20,0.035,0.035
0.035,43600.0,0.029,2013-12-27,0.035,0.029
0.038,158000.0,0.04,2014-01-02,0.04,0.038
0.04,8000.0,0.04,2014-01-03,0.04,0.04
0.034,6800.000000000001,0.034,2014-01-06,0.034,0.034
0.04,724800.0,0.041,2014-01-10,0.045,0.04
0.043,294800.0,0.043,2014-01-13,0.044,0.043
0.041,151000.0,0.04,2014-01-14,0.041,0.04
0.04,4000.0,0.04,2014-01-20,0.04,0.04
0.04,40000.0,0.04,2014-01-21,0.04,0.04
0.036,7199.999999999999,0.036,2014-01-22,0.036,0.036
0.045,27300.0,0.046,2014-01-28,0.046,0.045
0.041,4100.0,0.041,2014-01-29,0.041,0.041
0.041,28700.0,0.041,2014-02-03,0.041,0.041
0.039,7800.0,0.039,2014-02-04,0.039,0.039
0.039,3900.0,0.039,2014-02-11,0.039,0.039
0.039,27300.0,0.039,2014-02-12,0.039,0.039
0.039,31200.0,0.039,2014-02-13,0.039,0.039
0.039,11700.0,0.039,2014-02-14,0.039,0.039
0.037,125800.0,0.037,2014-02-25,0.037,0.037
0.036,36000.0,0.036,2014-02-28,0.036,0.036
0.036,32399.999999999996,0.036,2014-03-07,0.036,0.036
0.036,10799.999999999998,0.036,2014-03-11,0.036,0.036
0.04,116200.0,0.041,2014-03-25,0.041,0.04
0.036,18000.0,0.036,2014-03-27,0.036,0.036
0.036,359999.99999999994,0.036,2014-04-02,0.036,0.036
0.037,11100.0,0.037,2014-04-03,0.037,0.037
0.036,547400.0,0.042,2014-04-04,0.042,0.036
0.04,133200.0,0.038,2014-04-07,0.04,0.038
0.037,48100.0,0.037,2014-04-08,0.037,0.037
0.037,18500.0,0.037,2014-04-11,0.037,0.037
0.037,7400.0,0.037,2014-04-14,0.037,0.037
0.036,10800.0,0.036,2014-04-15,0.036,0.036
0.039,191300.0,0.04,2014-04-16,0.04,0.039
0.039,11800.0,0.04,2014-04-21,0.04,0.039
0.041,4100.0,0.041,2014-04-22,0.041,0.041
0.041,4100.0,0.041,2014-04-23,0.041,0.041
0.039,16000.0,0.041,2014-04-24,0.041,0.039
0.041,116000.0,0.042,2014-04-25,0.042,0.041
0.041,20800.0,0.042,2014-04-28,0.042,0.041
0.041,240100.0,0.042,2014-04-30,0.042,0.039
0.043,4300.0,0.043,2014-05-02,0.043,0.043
0.039,121100.0,0.039,2014-05-06,0.04,0.039
0.039,61700.0,0.042,2014-05-07,0.042,0.038
0.043,4300.0,0.043,2014-05-13,0.043,0.043
0.04,12300.0,0.043,2014-05-14,0.043,0.04
0.04,76800.0,0.041,2014-05-15,0.041,0.04
0.04,24000.0,0.04,2014-05-16,0.04,0.04
0.04,102800.0,0.039,2014-05-21,0.04,0.037
0.04,4000.0,0.04,2014-05-22,0.04,0.04
0.038,15400.0,0.04,2014-05-26,0.04,0.038
0.038,19200.0,0.04,2014-05-27,0.04,0.038
0.036,136799.99999999997,0.036,2014-05-29,0.036,0.036
0.04,42200.0,0.04,2014-05-30,0.04,0.038
0.04,1794100.0,0.042,2014-06-10,0.05,0.04
0.04,28400.0,0.044,2014-06-11,0.044,0.04
0.04,20000.0,0.04,2014-06-13,0.04,0.04
0.04,28000.0,0.04,2014-06-16,0.04,0.04
0.041,24300.0,0.04,2014-06-17,0.041,0.04
0.041,8200.0,0.041,2014-06-18,0.041,0.041
0.041,8200.0,0.041,2014-06-20,0.041,0.041
0.041,20500.0,0.041,2014-06-23,0.041,0.041
0.042,4200.0,0.042,2014-06-26,0.042,0.042
0.042,494100.0,0.042,2014-06-27,0.046,0.042
0.046,72700.0,0.043,2014-06-30,0.046,0.043
0.044,60200.0,0.044,2014-07-01,0.044,0.042
0.045,238400.0,0.044,2014-07-02,0.046,0.044
0.041,236000.0,0.044,2014-07-03,0.044,0.041
0.044,69400.0,0.043,2014-07-04,0.044,0.043
0.043,4300.0,0.043,2014-07-07,0.043,0.043
0.043,1720300.0,0.045,2014-07-09,0.051,0.043
0.045,45000.0,0.045,2014-07-10,0.045,0.045
0.043,103600.0,0.045,2014-07-11,0.045,0.043
0.045,324100.0,0.046,2014-07-14,0.047,0.045
0.047,157900.0,0.044,2014-07-15,0.047,0.044
0.044,26400.0,0.044,2014-07-17,0.044,0.044
0.045,4500.0,0.045,2014-07-18,0.045,0.045
0.043,99200.0,0.046,2014-07-21,0.046,0.043
0.046,9200.0,0.046,2014-07-23,0.046,0.046
0.046,31000.0,0.044,2014-07-24,0.046,0.044
0.044,8800.0,0.044,2014-07-25,0.044,0.044
0.042,68600.0,0.044,2014-07-28,0.044,0.042
0.042,86000.0,0.044,2014-07-30,0.044,0.042
0.042,12600.0,0.042,2014-07-31,0.042,0.042
0.042,8400.0,0.042,2014-08-05,0.042,0.042
0.042,117600.00000000001,0.042,2014-08-11,0.042,0.042
0.042,50400.0,0.042,2014-08-12,0.042,0.042
0.043,165600.0,0.045,2014-08-13,0.045,0.043
0.047,863400.0,0.047,2014-08-14,0.048,0.045
0.048,70700.0,0.047,2014-08-15,0.048,0.047
0.046,116300.0,0.047,2014-08-18,0.047,0.046
0.047,28200.0,0.047,2014-08-19,0.047,0.047
0.047,23500.0,0.047,2014-08-22,0.047,0.047
0.05,9467000.0,0.07,2014-08-26,0.07,0.05
0.07,52960610.0,0.104,2014-08-27,0.105,0.07
0.108,49739030.0,0.134,2014-08-28,0.153,0.094
0.136,77779510.0,0.147,2014-08-29,0.167,0.135
0.149,78809340.0,0.2,2014-09-01,0.2,0.149
0.21,146221570.0,0.26,2014-09-02,0.28,0.21
0.28,91827270.0,0.217,2014-09-03,0.28,0.18
0.193,83632480.0,0.231,2014-09-04,0.255,0.18
0.24,28545620.0,0.213,2014-09-05,0.245,0.21
0.21,20736730.0,0.189,2014-09-08,0.215,0.189
0.185,53921790.0,0.211,2014-09-09,0.233,0.185
0.219,30900120.0,0.22,2014-09-10,0.235,0.214
0.223,18382610.0,0.226,2014-09-11,0.235,0.218
0.226,8084790.0,0.21,2014-09-12,0.231,0.21
0.205,13198390.0,0.199,2014-09-15,0.21,0.198
0.199,23278950.0,0.198,2014-09-16,0.217,0.185
0.201,5335120.0,0.205,2014-09-17,0.209,0.195
0.205,8921840.0,0.194,2014-09-18,0.207,0.194
0.195,5627540.0,0.198,2014-09-22,0.203,0.195
0.195,38856090.0,0.23,2014-09-23,0.23,0.195
0.235,40085540.0,0.236,2014-09-24,0.248,0.23
0.239,10515930.0,0.223,2014-09-25,0.24,0.22
0.223,4831230.0,0.225,2014-09-26,0.232,0.218
0.231,2447360.0,0.219,2014-09-29,0.231,0.218
0.218,7395680.0,0.226,2014-09-30,0.232,0.215
0.227,7218270.0,0.225,2014-10-01,0.234,0.219
0.225,8204130.0,0.225,2014-10-02,0.23,0.216
0.228,17229580.0,0.237,2014-10-03,0.246,0.222
0.243,61140370.0,0.26,2014-10-07,0.28,0.243
0.28,57858050.0,0.275,2014-10-08,0.29,0.265
0.27,14613900.0,0.265,2014-10-09,0.275,0.255
0.265,19119750.0,0.25,2014-10-10,0.265,0.249
0.249,15114860.0,0.241,2014-10-13,0.255,0.241
0.241,13203160.0,0.255,2014-10-14,0.26,0.239
0.26,27377600.0,0.26,2014-10-15,0.275,0.26
0.26,7607250.0,0.26,2014-10-16,0.265,0.25
0.26,65789000.0,0.29,2014-10-17,0.31,0.26
0.3,203546400.0,0.435,2014-10-20,0.435,0.3
0.465,217338750.0,0.385,2014-10-21,0.48,0.385
0.41,45997750.0,0.41,2014-10-22,0.43,0.385
0.415,12141350.0,0.405,2014-10-23,0.415,0.395
0.42,329209100.0,0.56,2014-10-24,0.59,0.42
0.5,233839330.0,0.53,2014-10-27,0.59,0.485
0.55,486392630.0,0.67,2014-10-28,0.76,0.53
0.7,355555340.0,0.69,2014-10-29,0.76,0.67
0.7,81366540.0,0.67,2014-10-30,0.71,0.65
0.7,75643610.0,0.68,2014-10-31,0.73,0.68
0.69,298585100.0,0.73,2014-11-03,0.79,0.67
0.78,374804410.0,0.7,2014-11-04,0.82,0.7
0.72,160291820.0,0.73,2014-11-05,0.76,0.68
0.73,105615920.0,0.78,2014-11-06,0.78,0.72
0.8,64834490.0,0.73,2014-11-07,0.8,0.73
0.75,34841890.0,0.74,2014-11-10,0.76,0.73
0.75,20494360.0,0.74,2014-11-11,0.76,0.73
0.75,162199510.0,0.76,2014-11-12,0.81,0.75
0.78,27929470.0,0.77,2014-11-13,0.78,0.74
0.77,31245800.0,0.77,2014-11-14,0.78,0.75
0.78,47252290.0,0.79,2014-11-17,0.79,0.77
0.79,40295170.0,0.78,2014-11-18,0.8,0.77
0.79,77283930.0,0.8,2014-11-19,0.82,0.79
0.81,79933290.0,0.74,2014-11-20,0.81,0.74
0.75,29857340.0,0.74,2014-11-21,0.76,0.74
0.74,94678760.0,0.7,2014-11-24,0.74,0.69
0.7,132397840.0,0.64,2014-11-25,0.71,0.63
0.63,115958820.0,0.56,2014-11-26,0.66,0.53
0.54,293687895.0,0.6,2014-11-27,0.61,0.46
0.64,151242150.0,0.61,2014-11-28,0.65,0.59
0.62,69925410.0,0.56,2014-12-01,0.62,0.55
0.55,67515070.0,0.56,2014-12-02,0.59,0.53
0.58,75683180.0,0.58,2014-12-03,0.61,0.56
0.59,19657160.0,0.58,2014-12-04,0.6,0.57
0.58,76424610.0,0.61,2014-12-05,0.63,0.56
0.62,41611390.0,0.62,2014-12-09,0.65,0.61
0.61,27112460.0,0.59,2014-12-10,0.61,0.58
0.58,155456180.0,0.49,2014-12-11,0.58,0.47
0.495,162087650.0,0.37,2014-12-12,0.52,0.37
0.365,79618900.0,0.39,2014-12-15,0.41,0.345
0.4,89035000.0,0.41,2014-12-16,0.435,0.395
0.41,24236050.0,0.39,2014-12-17,0.42,0.385
0.395,52395400.0,0.335,2014-12-18,0.4,0.335
0.345,30085850.0,0.34,2014-12-19,0.36,0.335
0.34,18939150.0,0.28,2014-12-22,0.345,0.27
0.265,23956750.0,0.275,2014-12-23,0.285,0.26
0.28,16498750.0,0.305,2014-12-29,0.315,0.275
0.32,22000650.0,0.34,2015-01-05,0.345,0.315
0.35,143807950.0,0.45,2015-01-06,0.45,0.345
0.465,160442200.0,0.405,2015-01-07,0.49,0.38
0.415,80786850.0,0.41,2015-01-08,0.44,0.39
0.42,72664450.0,0.455,2015-01-09,0.46,0.415
0.455,102827100.0,0.405,2015-01-12,0.465,0.405
0.405,50502450.0,0.4,2015-01-13,0.43,0.385
0.4,40447100.0,0.38,2015-01-14,0.405,0.38
0.38,46547150.0,0.395,2015-01-19,0.4,0.34
0.4,18822100.0,0.385,2015-01-20,0.405,0.38
0.38,32448600.0,0.38,2015-01-21,0.4,0.365
0.385,17144600.0,0.37,2015-01-22,0.395,0.37
0.375,8317800.0,0.37,2015-01-23,0.38,0.37
0.375,13788050.0,0.375,2015-01-26,0.385,0.37
0.38,12641250.0,0.375,2015-01-27,0.39,0.37
0.375,42148700.0,0.38,2015-01-28,0.395,0.375
0.385,22111550.0,0.37,2015-01-29,0.39,0.37
0.37,34841100.0,0.34,2015-01-30,0.37,0.34
0.34,26968800.0,0.315,2015-02-02,0.345,0.31
0.315,29750700.0,0.295,2015-02-03,0.315,0.285
0.29,49404600.0,0.28,2015-02-04,0.295,0.265
0.285,21705300.0,0.27,2015-02-05,0.285,0.265
0.27,76149940.0,0.232,2015-02-06,0.275,0.228
0.225,46283180.0,0.151,2015-02-09,0.225,0.145
0.14,85645960.0,0.221,2015-02-10,0.221,0.138
0.231,100818130.0,0.255,2015-02-11,0.265,0.224
0.255,59465340.0,0.216,2015-02-12,0.26,0.213
0.218,27241700.0,0.225,2015-02-13,0.226,0.195
0.227,40667400.0,0.238,2015-02-16,0.246,0.22
0.242,8459310.0,0.232,2015-02-17,0.242,0.231
0.238,6806640.0,0.234,2015-02-18,0.238,0.229
0.232,7310970.0,0.228,2015-02-20,0.232,0.226
0.232,92158060.0,0.275,2015-02-23,0.285,0.221
0.275,84040800.0,0.275,2015-02-24,0.3,0.265
0.27,22190550.0,0.28,2015-02-25,0.285,0.26
0.28,123300500.0,0.31,2015-02-26,0.315,0.27
0.315,83470000.0,0.275,2015-02-27,0.315,0.27
0.28,25250850.0,0.28,2015-03-02,0.29,0.275
0.275,9142400.0,0.28,2015-03-03,0.285,0.275
0.285,8042950.0,0.285,2015-03-04,0.29,0.275
0.285,33907900.0,0.305,2015-03-05,0.31,0.285
0.3,38130500.0,0.3,2015-03-06,0.315,0.295
0.3,46261200.0,0.31,2015-03-09,0.325,0.295
0.31,14444350.0,0.31,2015-03-10,0.315,0.3
0.31,27658600.0,0.305,2015-03-11,0.325,0.305
0.315,8726400.0,0.305,2015-03-12,0.315,0.305
0.31,27185100.0,0.33,2015-03-13,0.33,0.305
0.33,18467400.0,0.32,2015-03-16,0.34,0.32
0.32,9819650.0,0.325,2015-03-17,0.33,0.315
0.325,11307100.0,0.3,2015-03-18,0.325,0.3
0.3,28472150.0,0.29,2015-03-19,0.31,0.275
0.285,5229100.0,0.295,2015-03-20,0.295,0.285
0.295,8277800.0,0.275,2015-03-23,0.295,0.275
0.275,6175200.0,0.27,2015-03-24,0.28,0.27
0.27,12798250.0,0.25,2015-03-25,0.27,0.25
0.25,3092700.0,0.255,2015-03-26,0.26,0.245
0.26,5255220.0,0.242,2015-03-27,0.26,0.24
0.245,5755710.0,0.23,2015-03-30,0.247,0.22
0.231,4387540.0,0.228,2015-03-31,0.236,0.224
0.225,6224740.0,0.242,2015-04-01,0.246,0.225
0.242,1001900.0,0.241,2015-04-06,0.245,0.241
0.244,1892720.0,0.234,2015-04-07,0.244,0.23
0.232,1284540.0,0.24,2015-04-08,0.241,0.231
0.241,547120.0,0.238,2015-04-10,0.241,0.234
0.238,1119680.0,0.233,2015-04-13,0.239,0.233
0.232,412460.0,0.234,2015-04-14,0.235,0.232
0.232,1640470.0,0.227,2015-04-15,0.233,0.226
0.227,1102790.0,0.227,2015-04-16,0.229,0.226
0.228,1531690.0,0.229,2015-04-17,0.229,0.225
0.226,528840.0,0.225,2015-04-20,0.227,0.225
0.227,670630.0,0.225,2015-04-21,0.227,0.225
0.225,2769880.0,0.23,2015-04-22,0.233,0.225
0.23,6298610.0,0.243,2015-04-23,0.243,0.226
0.243,18205710.0,0.26,2015-04-24,0.265,0.243
0.255,8095500.0,0.265,2015-04-27,0.27,0.255
0.26,3207830.0,0.246,2015-04-28,0.26,0.24
0.25,1634460.0,0.246,2015-04-29,0.26,0.241
0.25,934300.0,0.243,2015-04-30,0.255,0.242
0.243,1204540.0,0.238,2015-05-04,0.245,0.238
0.238,1254190.0,0.232,2015-05-05,0.238,0.232
0.231,1647940.0,0.229,2015-05-06,0.234,0.228
0.229,1967940.0,0.224,2015-05-07,0.229,0.224
0.224,410600.0,0.226,2015-05-08,0.23,0.223
0.227,1596610.0,0.225,2015-05-11,0.227,0.223
0.225,2435290.0,0.222,2015-05-12,0.225,0.221
0.225,21716320.0,0.25,2015-05-13,0.255,0.222
0.25,3813760.0,0.235,2015-05-14,0.255,0.235
0.235,722830.0,0.244,2015-05-15,0.245,0.232
0.244,1917960.0,0.24,2015-05-18,0.245,0.235
0.24,362200.0,0.238,2015-05-19,0.24,0.234
0.238,657940.0,0.237,2015-05-20,0.242,0.23
0.236,1347970.0,0.232,2015-05-21,0.237,0.231
0.237,759800.0,0.231,2015-05-22,0.237,0.23
0.23,959590.0,0.235,2015-05-25,0.237,0.228
0.235,835470.0,0.228,2015-05-26,0.235,0.225
0.234,757110.0,0.225,2015-05-27,0.234,0.224
0.228,425570.0,0.224,2015-05-28,0.228,0.223
0.223,1468720.0,0.224,2015-05-29,0.231,0.221
0.223,89320.0,0.223,2015-06-01,0.229,0.223
0.222,600720.0,0.223,2015-06-02,0.223,0.221
0.223,468170.0,0.221,2015-06-03,0.223,0.22
0.225,427370.0,0.221,2015-06-04,0.225,0.221
0.22,1521750.0,0.226,2015-06-05,0.235,0.22
0.234,894880.0,0.225,2015-06-08,0.234,0.221
0.229,556370.0,0.223,2015-06-09,0.23,0.221
0.225,333120.0,0.224,2015-06-10,0.225,0.221
0.221,2749130.0,0.232,2015-06-11,0.236,0.221
0.231,1120560.0,0.232,2015-06-15,0.235,0.228
0.228,520910.0,0.228,2015-06-16,0.232,0.224
0.228,1433510.0,0.222,2015-06-17,0.228,0.222
0.222,1217170.0,0.22,2015-06-18,0.222,0.218
0.219,1742190.0,0.213,2015-06-19,0.221,0.213
0.14,1569000.0,0.215,2015-06-22,0.235,0.14
0.224,386720.0,0.214,2015-06-23,0.224,0.2
0.21,729070.0,0.207,2015-06-24,0.214,0.205
0.207,569010.0,0.205,2015-06-25,0.209,0.201
0.207,569010.0,0.205,2015-06-25,0.209,0.201
0.209,2586590.0,0.21,2015-06-26,0.221,0.209
0.209,1037020.0,0.204,2015-06-29,0.209,0.201
0.204,995650.0,0.204,2015-06-30,0.204,0.2
0.201,368160.0,0.201,2015-07-01,0.203,0.2
0.204,2935760.0,0.209,2015-07-02,0.215,0.202
0.213,14690580.0,0.219,2015-07-03,0.231,0.209
0.213,4816710.0,0.21,2015-07-06,0.227,0.209
0.21,1972350.0,0.201,2015-07-07,0.212,0.201
0.207,1976400.0,0.204,2015-07-08,0.207,0.201
0.202,2364230.0,0.205,2015-07-09,0.206,0.2
0.204,366250.0,0.204,2015-07-10,0.204,0.2
0.202,534800.0,0.203,2015-07-13,0.204,0.2
0.202,534800.0,0.203,2015-07-13,0.204,0.2
0.203,833550.0,0.205,2015-07-14,0.208,0.201
0.207,6651090.0,0.215,2015-07-15,0.218,0.207
0.22,11161470.0,0.228,2015-07-16,0.23,0.219
0.228,3865410.0,0.215,2015-07-20,0.23,0.215
0.215,6375890.0,0.206,2015-07-21,0.215,0.205
0.21,2340250.0,0.207,2015-07-22,0.21,0.206
0.206,857880.0,0.21,2015-07-23,0.21,0.205
0.206,857880.0,0.21,2015-07-23,0.21,0.205
0.206,857880.0,0.21,2015-07-23,0.21,0.205
0.208,719100.0,0.213,2015-07-24,0.214,0.208
0.214,727260.0,0.208,2015-07-27,0.214,0.206
0.208,867260.0,0.205,2015-07-28,0.209,0.205
0.206,691110.0,0.206,2015-07-29,0.208,0.206
0.206,321270.0,0.206,2015-07-30,0.206,0.205
0.205,290770.0,0.208,2015-07-31,0.208,0.205
0.205,455340.0,0.207,2015-08-03,0.21,0.204
0.208,319620.0,0.206,2015-08-04,0.21,0.204
0.209,2948630.0,0.205,2015-08-05,0.209,0.2
0.206,271130.0,0.204,2015-08-06,0.206,0.203
0.205,1458540.0,0.202,2015-08-07,0.206,0.201
0.202,720290.0,0.201,2015-08-10,0.202,0.2
0.201,1729510.0,0.2,2015-08-11,0.201,0.199
0.199,1973870.0,0.199,2015-08-12,0.199,0.194
0.199,1533440.0,0.193,2015-08-13,0.199,0.185
0.185,1569070.0,0.183,2015-08-14,0.189,0.181
0.183,1804960.0,0.17,2015-08-17,0.183,0.161
0.17,1139280.0,0.18,2015-08-18,0.183,0.17
0.185,647380.0,0.179,2015-08-19,0.19,0.179
0.18,406980.0,0.177,2015-08-20,0.186,0.175
0.177,402340.0,0.162,2015-08-24,0.177,0.161
0.159,874080.0,0.151,2015-08-25,0.159,0.149
0.151,402200.0,0.168,2015-08-26,0.172,0.151
0.168,207090.0,0.166,2015-08-27,0.168,0.16
0.167,248210.0,0.171,2015-08-28,0.179,0.166
0.174,34740.0,0.173,2015-09-01,0.175,0.171
0.167,114540.0,0.169,2015-09-02,0.17,0.162
0.164,237800.0,0.165,2015-09-03,0.165,0.16
0.162,110340.0,0.166,2015-09-04,0.168,0.161
0.162,334070.0,0.163,2015-09-07,0.165,0.155
0.156,343330.0,0.158,2015-09-08,0.16,0.155
0.163,1585870.0,0.164,2015-09-09,0.17,0.16
0.163,282470.0,0.16,2015-09-10,0.164,0.16
0.159,194680.0,0.156,2015-09-11,0.159,0.154
0.156,212370.0,0.157,2015-09-14,0.161,0.156
0.156,1067500.0,0.164,2015-09-15,0.169,0.156
0.156,1067500.0,0.164,2015-09-15,0.169,0.156
0.156,1067500.0,0.164,2015-09-15,0.169,0.156
0.164,304530.0,0.164,2015-09-16,0.164,0.16
0.164,18172780.0,0.196,2015-09-17,0.215,0.159
0.21,7332640.0,0.196,2015-09-18,0.214,0.196
0.196,2668670.0,0.18,2015-09-21,0.196,0.176
0.181,8815830.0,0.198,2015-09-22,0.21,0.181
0.2,4478880.0,0.191,2015-09-23,0.214,0.191
0.191,1048470.0,0.191,2015-09-24,0.197,0.189
0.192,2181180.0,0.186,2015-09-28,0.192,0.182
0.19,405940.0,0.188,2015-09-29,0.191,0.181
0.18,588950.0,0.18,2015-09-30,0.188,0.18
0.185,383430.0,0.18,2015-10-01,0.186,0.178
0.178,250560.0,0.18,2015-10-02,0.18,0.177
0.181,572210.0,0.181,2015-10-05,0.181,0.176
0.181,525550.0,0.181,2015-10-06,0.182,0.178
0.178,1067870.0,0.183,2015-10-07,0.184,0.178
0.18,417950.0,0.18,2015-10-08,0.183,0.179
0.18,624340.0,0.18,2015-10-09,0.18,0.178
0.18,403290.0,0.181,2015-10-12,0.182,0.178
0.181,244430.0,0.18,2015-10-13,0.181,0.178
0.18,5827290.0,0.184,2015-10-14,0.194,0.18
0.184,512620.0,0.183,2015-10-15,0.188,0.183
0.182,1741190.0,0.181,2015-10-16,0.19,0.181
0.182,201440.0,0.185,2015-10-19,0.185,0.182
0.186,581320.0,0.181,2015-10-20,0.186,0.181
0.181,768910.0,0.185,2015-10-21,0.187,0.181
0.186,182600.0,0.186,2015-10-22,0.188,0.183
0.183,115530.0,0.184,2015-10-23,0.184,0.183
0.182,191200.0,0.183,2015-10-26,0.185,0.182
0.183,433990.0,0.182,2015-10-27,0.184,0.182
0.182,291670.0,0.181,2015-10-28,0.182,0.181
0.184,779520.0,0.183,2015-10-29,0.185,0.18
0.183,180550.0,0.183,2015-10-30,0.184,0.181
0.183,547330.0,0.182,2015-11-02,0.183,0.18
0.183,422890.0,0.185,2015-11-03,0.185,0.182
0.183,326570.0,0.18,2015-11-04,0.183,0.18
0.182,108280.0,0.18,2015-11-05,0.182,0.18
0.18,843140.0,0.177,2015-11-06,0.18,0.177
0.177,1035910.0,0.176,2015-11-09,0.181,0.175
0.176,158040.0,0.178,2015-11-10,0.18,0.173
0.172,148820.0,0.174,2015-11-11,0.177,0.172
0.177,177110.0,0.177,2015-11-12,0.177,0.172
0.174,94920.0,0.172,2015-11-13,0.174,0.172
0.172,281660.0,0.172,2015-11-16,0.174,0.169
0.173,116630.0,0.174,2015-11-17,0.175,0.173
0.174,13920.0,0.174,2015-11-20,0.174,0.174
0.172,78630.0,0.171,2015-11-23,0.172,0.17
0.177,38570.0,0.175,2015-11-24,0.177,0.17
0.175,26120.0,0.175,2015-11-25,0.175,0.17
0.175,17230.0,0.17,2015-11-26,0.175,0.17
0.175,29270.0,0.17,2015-11-27,0.175,0.17
0.174,196200.0,0.173,2015-12-01,0.174,0.17
0.171,80560.0,0.173,2015-12-02,0.173,0.17
0.173,157410.0,0.172,2015-12-03,0.173,0.17
0.17,6860.0,0.173,2015-12-04,0.173,0.17
0.171,206870.0,0.17,2015-12-07,0.171,0.169
0.173,276240.0,0.167,2015-12-08,0.173,0.167
0.167,389720.0,0.167,2015-12-09,0.169,0.165
0.167,3340.0,0.167,2015-12-10,0.167,0.167
0.167,151460.0,0.164,2015-12-11,0.167,0.16
0.161,41440.0,0.162,2015-12-14,0.168,0.157
0.157,424000.0,0.157,2015-12-15,0.158,0.157
0.155,339260.0,0.155,2015-12-16,0.158,0.155
0.158,123480.0,0.156,2015-12-17,0.158,0.156
0.155,82000.0,0.154,2015-12-18,0.155,0.154
0.153,141390.0,0.156,2015-12-21,0.156,0.148
0.159,110160.0,0.148,2015-12-22,0.159,0.148
0.158,53360.0,0.152,2015-12-23,0.158,0.152
0.15,77420.0,0.152,2015-12-28,0.152,0.15
0.157,960950.0,0.155,2015-12-29,0.165,0.155
0.155,134970.0,0.151,2016-01-04,0.155,0.151
0.154,100330.0,0.152,2016-01-05,0.154,0.15
0.152,189470.0,0.15,2016-01-06,0.153,0.15
0.153,198600.0,0.145,2016-01-07,0.153,0.145
0.145,600310.0,0.136,2016-01-08,0.146,0.126
0.129,374560.0,0.122,2016-01-11,0.129,0.122
0.125,69300.0,0.125,2016-01-12,0.13,0.125
0.125,191510.0,0.128,2016-01-13,0.128,0.124
0.125,313700.0,0.122,2016-01-14,0.125,0.121
0.122,30770.0,0.123,2016-01-15,0.125,0.122
0.122,412510.0,0.12,2016-01-18,0.122,0.109
0.11,207040.0,0.12,2016-01-19,0.12,0.107
0.12,86130.0,0.118,2016-01-20,0.12,0.111
0.118,61950.0,0.112,2016-01-21,0.118,0.112
0.118,175640.0,0.119,2016-01-22,0.119,0.116
0.116,2177660.0,0.133,2016-01-25,0.134,0.116
0.133,438610.0,0.128,2016-01-26,0.133,0.128
0.129,332370.0,0.13,2016-01-27,0.13,0.126
0.131,3502770.0,0.14,2016-01-28,0.148,0.131
0.14,2653360.0,0.147,2016-01-29,0.151,0.14
0.147,682630.0,0.142,2016-02-01,0.15,0.142
0.141,270789.99999999994,0.144,2016-02-02,0.144,0.14
0.141,59850.0,0.143,2016-02-03,0.144,0.141
0.141,5725490.0,0.154,2016-02-04,0.165,0.14
0.155,1541300.0,0.144,2016-02-05,0.162,0.141
0.144,916389.9999999999,0.145,2016-02-09,0.146,0.141
0.142,2323370.0,0.151,2016-02-10,0.153,0.142
0.153,7258960.0,0.16,2016-02-11,0.171,0.15
0.165,1163780.0,0.157,2016-02-12,0.165,0.157
0.156,1613100.0,0.159,2016-02-15,0.164,0.153
0.157,591420.0,0.156,2016-02-16,0.158,0.155
0.156,4647970.0,0.166,2016-02-17,0.171,0.156
0.164,572390.0,0.165,2016-02-18,0.165,0.161
0.165,784260.0,0.165,2016-02-19,0.167,0.161
0.161,6530740.0,0.174,2016-02-22,0.178,0.16
0.178,15881720.0,0.186,2016-02-23,0.196,0.178
0.189,17838780.0,0.206,2016-02-24,0.208,0.186
0.209,33808230.0,0.237,2016-02-26,0.24,0.207
0.241,57529600.0,0.205,2016-02-29,0.255,0.2
0.203,20276770.0,0.202,2016-03-01,0.219,0.194
0.209,6522120.0,0.2,2016-03-02,0.209,0.195
0.2,29114350.0,0.218,2016-03-03,0.232,0.195
0.226,19595360.0,0.214,2016-03-04,0.231,0.21
0.217,12691810.0,0.205,2016-03-07,0.22,0.205
0.205,3826610.0,0.207,2016-03-08,0.213,0.2
0.21,16896510.0,0.211,2016-03-09,0.228,0.205
0.215,3461740.0,0.214,2016-03-10,0.22,0.211
0.215,9504490.0,0.217,2016-03-11,0.227,0.21
0.22,12126850.0,0.227,2016-03-14,0.235,0.213
0.23,112434920.0,0.28,2016-03-15,0.295,0.23
0.29,93722150.0,0.27,2016-03-16,0.31,0.27
0.275,25584500.0,0.27,2016-03-17,0.29,0.26
0.27,9357100.0,0.27,2016-03-18,0.285,0.27
0.275,10184800.0,0.28,2016-03-21,0.28,0.27
0.29,25372000.0,0.29,2016-03-22,0.3,0.28
0.295,47754350.0,0.31,2016-03-23,0.32,0.285
0.31,20595600.0,0.285,2016-03-28,0.315,0.28
0.29,29108350.0,0.28,2016-03-29,0.295,0.275
0.28,11784150.0,0.275,2016-03-30,0.285,0.27
0.275,5640300.0,0.28,2016-03-31,0.29,0.275
0.285,13949950.0,0.28,2016-04-01,0.29,0.275
0.285,73583850.0,0.335,2016-04-04,0.335,0.28
0.34,96597550.0,0.295,2016-04-05,0.355,0.29
0.295,14239350.0,0.3,2016-04-06,0.31,0.29
0.305,14302350.0,0.315,2016-04-07,0.32,0.3
0.315,10675350.0,0.32,2016-04-08,0.325,0.31
0.32,9736550.0,0.31,2016-04-11,0.32,0.3
0.31,9696500.0,0.3,2016-04-12,0.31,0.295
0.3,6235650.0,0.305,2016-04-13,0.305,0.29
0.305,5836600.0,0.295,2016-04-14,0.31,0.29
0.295,3660900.0,0.295,2016-04-15,0.3,0.29
0.295,9814800.0,0.305,2016-04-18,0.305,0.285
0.31,35090800.0,0.315,2016-04-19,0.33,0.3
0.32,18953600.0,0.315,2016-04-20,0.33,0.31
0.315,17345700.0,0.3,2016-04-21,0.315,0.295
0.3,58973250.0,0.32,2016-04-22,0.335,0.295
0.33,48486750.0,0.335,2016-04-25,0.335,0.31
0.34,251626550.0,0.425,2016-04-26,0.425,0.335
0.425,188437800.0,0.35,2016-04-27,0.43,0.35
0.36,198582550.0,0.395,2016-04-28,0.415,0.36
0.395,55966650.0,0.37,2016-04-29,0.405,0.365
0.375,28227200.0,0.355,2016-05-02,0.39,0.35
0.36,26095800.0,0.35,2016-05-03,0.375,0.35
0.35,28676650.0,0.34,2016-05-04,0.35,0.325
0.34,41471850.0,0.37,2016-05-05,0.38,0.33
0.365,36891250.0,0.355,2016-05-06,0.38,0.355
0.365,36891250.0,0.355,2016-05-06,0.38,0.355
0.355,11957300.0,0.355,2016-05-10,0.365,0.35
0.36,61745200.0,0.37,2016-05-11,0.39,0.36
0.37,23346950.0,0.38,2016-05-12,0.385,0.36
0.38,33863650.0,0.365,2016-05-13,0.39,0.365
0.37,10751850.0,0.365,2016-05-16,0.375,0.36
0.37,20872750.0,0.355,2016-05-17,0.37,0.35
0.35,23848100.0,0.335,2016-05-18,0.355,0.325
0.335,38212050.0,0.365,2016-05-19,0.37,0.32
0.36,10956550.0,0.34,2016-05-20,0.365,0.335
0.345,4878600.0,0.335,2016-05-23,0.35,0.335
0.335,10789450.0,0.35,2016-05-24,0.35,0.33
0.345,5583200.0,0.335,2016-05-25,0.35,0.335
0.34,3650200.0,0.34,2016-05-26,0.35,0.34
0.345,2291000.0,0.34,2016-05-27,0.345,0.335
0.34,8135850.0,0.325,2016-05-30,0.34,0.325
0.33,6337700.0,0.335,2016-05-31,0.335,0.325
0.335,3986900.0,0.325,2016-06-01,0.335,0.325
0.325,22149550.0,0.33,2016-06-02,0.35,0.32
0.33,4079400.0,0.325,2016-06-03,0.335,0.325
0.325,3351450.0,0.325,2016-06-06,0.33,0.325
0.33,4693450.0,0.325,2016-06-07,0.33,0.32
0.325,4006600.0,0.325,2016-06-08,0.33,0.32
0.325,6592800.0,0.325,2016-06-09,0.33,0.32
0.325,23710050.0,0.34,2016-06-10,0.345,0.325
0.34,5736700.0,0.33,2016-06-13,0.345,0.33
0.34,5527300.0,0.325,2016-06-14,0.34,0.325
0.325,5069000.0,0.325,2016-06-15,0.33,0.325
0.325,4266550.0,0.33,2016-06-16,0.33,0.325
0.325,2590500.0,0.325,2016-06-17,0.33,0.325
0.325,4329550.0,0.325,2016-06-20,0.33,0.32
0.325,4346450.0,0.325,2016-06-21,0.33,0.32
0.325,65831800.0,0.365,2016-06-22,0.365,0.32
0.365,28022300.0,0.345,2016-06-23,0.37,0.34
0.345,24411800.0,0.325,2016-06-24,0.35,0.32
0.325,7577700.0,0.33,2016-06-27,0.335,0.32
0.33,1151950.0,0.325,2016-06-28,0.33,0.325
0.325,6392400.0,0.335,2016-06-29,0.34,0.325
0.335,12302350.0,0.33,2016-06-30,0.34,0.325
0.33,5213300.0,0.325,2016-07-01,0.33,0.325
0.325,8336350.0,0.325,2016-07-04,0.33,0.325
0.325,5450000.0,0.33,2016-07-05,0.335,0.325
0.335,19412350.0,0.34,2016-07-07,0.345,0.33
0.34,8399700.0,0.34,2016-07-08,0.345,0.335
0.335,9417050.0,0.34,2016-07-11,0.345,0.33
0.345,37273800.0,0.355,2016-07-12,0.36,0.345
0.365,16973700.0,0.35,2016-07-13,0.365,0.345
0.35,19961350.0,0.365,2016-07-14,0.365,0.345
0.37,32462550.0,0.37,2016-07-15,0.38,0.365
0.375,7800450.0,0.37,2016-07-18,0.375,0.365
0.365,22448250.0,0.345,2016-07-19,0.37,0.34
0.35,11669050.0,0.355,2016-07-20,0.355,0.34
0.355,7210500.0,0.345,2016-07-21,0.355,0.34
0.345,3088450.0,0.345,2016-07-22,0.35,0.34
0.345,3169700.0,0.34,2016-07-25,0.35,0.34
0.34,7195800.0,0.345,2016-07-26,0.355,0.34
0.345,3795000.0,0.35,2016-07-27,0.355,0.34
0.35,5781350.0,0.345,2016-07-28,0.36,0.34
0.34,5886300.0,0.335,2016-07-29,0.355,0.335
0.34,3886950.0,0.335,2016-08-01,0.345,0.335
0.335,2228950.0,0.335,2016-08-02,0.345,0.335
0.335,26546950.0,0.32,2016-08-03,0.345,0.315
0.32,4477450.0,0.325,2016-08-04,0.33,0.32
0.325,4063500.0,0.325,2016-08-05,0.33,0.32
0.33,1765450.0,0.325,2016-08-08,0.33,0.32
0.325,3524550.0,0.325,2016-08-09,0.325,0.32
0.32,4800650.0,0.32,2016-08-10,0.325,0.32
0.315,4878750.0,0.315,2016-08-11,0.325,0.315
0.315,6882750.0,0.31,2016-08-12,0.32,0.31
0.315,9154200.0,0.295,2016-08-15,0.315,0.29
0.295,3812250.0,0.3,2016-08-16,0.305,0.295
0.3,1712550.0,0.3,2016-08-17,0.3,0.295
0.3,4255600.0,0.295,2016-08-18,0.3,0.29
0.295,8347750.0,0.3,2016-08-19,0.31,0.295
0.3,4231100.0,0.3,2016-08-22,0.31,0.3
0.3,2466350.0,0.295,2016-08-23,0.305,0.295
0.295,3834300.0,0.295,2016-08-24,0.305,0.295
0.295,2878200.0,0.295,2016-08-25,0.3,0.29
0.3,2326000.0,0.295,2016-08-26,0.3,0.29
0.295,1147200.0,0.29,2016-08-30,0.295,0.29
0.295,2091300.0,0.29,2016-08-31,0.295,0.29
0.29,25364250.0,0.295,2016-09-01,0.325,0.285
0.3,4674700.0,0.3,2016-09-02,0.305,0.295
0.3,4240800.0,0.295,2016-09-05,0.3,0.295
0.3,4240800.0,0.295,2016-09-05,0.3,0.295
0.295,2981850.0,0.295,2016-09-06,0.3,0.295
0.295,7485350.0,0.29,2016-09-07,0.3,0.285
0.29,7085100.0,0.285,2016-09-08,0.29,0.275
0.28,4125950.0,0.275,2016-09-09,0.28,0.27
0.27,8829700.0,0.26,2016-09-13,0.27,0.255
0.26,4213500.0,0.255,2016-09-14,0.26,0.25
0.255,7318450.0,0.26,2016-09-15,0.265,0.255
0.26,3569250.0,0.255,2016-09-16,0.265,0.25
0.25,2682300.0,0.25,2016-09-19,0.255,0.25
0.255,11281300.0,0.255,2016-09-20,0.26,0.25
0.255,3758600.0,0.255,2016-09-21,0.255,0.25
0.255,7468350.0,0.25,2016-09-22,0.255,0.25
0.255,18513800.0,0.26,2016-09-23,0.27,0.255
0.26,4831000.0,0.255,2016-09-26,0.265,0.25
0.255,9478390.0,0.243,2016-09-27,0.255,0.238
0.242,8134900.0,0.234,2016-09-28,0.242,0.23
0.235,9239770.0,0.236,2016-09-29,0.245,0.233
0.237,7069160.0,0.235,2016-09-30,0.239,0.235
0.236,6458280.0,0.243,2016-10-03,0.243,0.236
0.245,15623410.0,0.25,2016-10-04,0.255,0.245
0.255,21580100.0,0.247,2016-10-05,0.26,0.246
0.247,5476590.0,0.24,2016-10-06,0.247,0.24
0.243,4896730.0,0.237,2016-10-07,0.243,0.235
0.235,1597740.0,0.237,2016-10-10,0.239,0.231
0.234,3530190.0,0.231,2016-10-11,0.235,0.23
0.232,7617970.0,0.22,2016-10-12,0.235,0.212
0.232,7617970.0,0.22,2016-10-12,0.235,0.212
0.218,5007630.0,0.205,2016-10-13,0.218,0.201
0.205,2422730.0,0.21,2016-10-14,0.21,0.205
0.211,3022200.0,0.212,2016-10-17,0.215,0.21
0.213,6796920.0,0.222,2016-10-18,0.225,0.213
0.223,2807890.0,0.22,2016-10-19,0.224,0.22
0.22,3690660.0,0.219,2016-10-20,0.224,0.217
0.219,5034100.0,0.213,2016-10-21,0.22,0.21
0.216,861810.0,0.214,2016-10-24,0.216,0.211
0.213,889790.0,0.214,2016-10-25,0.214,0.21
0.214,427890.0,0.211,2016-10-26,0.214,0.211
0.211,2534960.0,0.209,2016-10-27,0.212,0.207
0.209,502760.0,0.207,2016-10-28,0.209,0.206
0.205,4424140.0,0.199,2016-11-02,0.205,0.195
0.198,2410390.0,0.192,2016-11-03,0.198,0.185
0.191,2682590.0,0.2,2016-11-04,0.2,0.191
0.2,1748720.0,0.204,2016-11-07,0.206,0.199
0.204,2713570.0,0.211,2016-11-08,0.212,0.204
0.212,4046870.0,0.201,2016-11-09,0.216,0.2
0.201,1033050.0,0.203,2016-11-10,0.207,0.201
0.204,2138160.0,0.199,2016-11-11,0.204,0.197
0.199,713400.0,0.195,2016-11-14,0.199,0.192
0.196,1218520.0,0.193,2016-11-15,0.196,0.19
0.192,2171420.0,0.193,2016-11-16,0.193,0.188
0.193,878390.0,0.193,2016-11-17,0.195,0.192
0.193,1526040.0,0.19,2016-11-18,0.195,0.189
0.19,1006890.0,0.188,2016-11-21,0.19,0.188
0.184,2979150.0,0.181,2016-11-22,0.184,0.179
0.181,1387810.0,0.177,2016-11-23,0.181,0.176
0.175,5060830.0,0.186,2016-11-24,0.192,0.171
0.175,5060830.0,0.186,2016-11-24,0.192,0.171
0.175,5060830.0,0.186,2016-11-24,0.192,0.171
0.191,1767280.0,0.19,2016-11-25,0.195,0.187
0.19,1080280.0,0.185,2016-11-28,0.19,0.185
0.184,1013130.0,0.179,2016-11-29,0.184,0.179
0.179,526850.0,0.18,2016-12-01,0.183,0.179
0.18,646480.0,0.179,2016-12-02,0.182,0.178
0.179,456170.0,0.18,2016-12-05,0.184,0.178
0.18,501890.0,0.182,2016-12-06,0.182,0.18
0.182,501230.0,0.18,2016-12-07,0.182,0.177
0.18,3965760.0,0.187,2016-12-08,0.187,0.178
0.189,37844950.0,0.2,2016-12-09,0.214,0.189
0.206,8289660.0,0.192,2016-12-12,0.207,0.191
0.192,2219670.0,0.193,2016-12-13,0.196,0.19
0.196,10161760.0,0.201,2016-12-14,0.203,0.195
0.203,5825800.0,0.206,2016-12-15,0.206,0.197
0.209,12298170.0,0.209,2016-12-16,0.218,0.207
0.209,5918280.0,0.212,2016-12-19,0.216,0.209
0.213,4901190.0,0.205,2016-12-20,0.215,0.203
0.205,2967250.0,0.21,2016-12-21,0.212,0.202
0.209,1555330.0,0.202,2016-12-22,0.21,0.202
0.202,2238430.0,0.198,2016-12-23,0.202,0.193
0.2,889760.0,0.201,2016-12-27,0.201,0.198
0.201,1860860.0,0.205,2016-12-28,0.208,0.201
0.205,2965600.0,0.206,2016-12-29,0.21,0.205
0.21,4096230.0,0.213,2017-01-03,0.217,0.209
0.215,12631950.0,0.226,2017-01-04,0.228,0.215
0.229,10584940.0,0.236,2017-01-05,0.237,0.221
0.237,10825000.0,0.229,2017-01-06,0.239,0.226
0.225,3939160.0,0.225,2017-01-09,0.229,0.222
0.225,11103080.0,0.24,2017-01-10,0.244,0.224
0.24,7343000.0,0.234,2017-01-11,0.245,0.23
0.234,4359250.0,0.231,2017-01-12,0.238,0.229
0.23,3096260.0,0.235,2017-01-13,0.236,0.227
0.237,2299570.0,0.231,2017-01-16,0.238,0.231
0.235,6771820.0,0.23,2017-01-17,0.235,0.224
0.23,6998370.0,0.219,2017-01-18,0.23,0.218
0.218,11186060.0,0.21,2017-01-19,0.218,0.21
0.209,11118980.0,0.218,2017-01-20,0.219,0.201
0.217,2913910.0,0.215,2017-01-23,0.217,0.209
0.215,2362080.0,0.21,2017-01-24,0.216,0.21
0.213,1371220.0,0.211,2017-01-25,0.213,0.21
0.212,1312080.0,0.215,2017-01-26,0.215,0.21
0.215,1100690.0,0.215,2017-01-27,0.216,0.212
0.215,622600.0,0.213,2017-01-30,0.215,0.213
0.213,979940.0,0.212,2017-01-31,0.214,0.21
0.212,2983670.0,0.208,2017-02-01,0.212,0.207
0.207,1947970.0,0.207,2017-02-02,0.21,0.205
0.206,4451830.0,0.199,2017-02-03,0.206,0.199
0.2,4943430.0,0.194,2017-02-06,0.2,0.19
0.194,4853180.0,0.199,2017-02-07,0.208,0.194
0.199,3309040.0,0.204,2017-02-08,0.206,0.196
0.204,1777550.0,0.202,2017-02-09,0.205,0.2
0.201,3647440.0,0.195,2017-02-10,0.201,0.195
0.201,3647440.0,0.195,2017-02-10,0.201,0.195
0.195,2638730.0,0.194,2017-02-13,0.196,0.191
0.195,2638730.0,0.194,2017-02-13,0.196,0.191
0.195,1993280.0,0.194,2017-02-14,0.197,0.191
0.191,1227540.0,0.194,2017-02-15,0.195,0.19
0.191,759800.0,0.192,2017-02-16,0.193,0.191
0.192,1788000.0,0.193,2017-02-17,0.194,0.19
0.194,716570.0,0.193,2017-02-20,0.194,0.19
0.193,379460.0,0.192,2017-02-21,0.193,0.19
0.192,1305220.0,0.192,2017-02-22,0.193,0.19
0.192,2805190.0,0.193,2017-02-23,0.201,0.19
0.194,2778780.0,0.194,2017-02-24,0.198,0.19
0.195,6940930.0,0.201,2017-02-27,0.205,0.195
0.204,3116820.0,0.201,2017-02-28,0.205,0.196
0.201,1180400.0,0.198,2017-03-01,0.202,0.198
0.197,1530270.0,0.192,2017-03-02,0.198,0.192
0.193,3323180.0,0.192,2017-03-03,0.194,0.189
0.192,571850.0,0.194,2017-03-06,0.195,0.191
0.193,854300.0,0.192,2017-03-07,0.193,0.191
0.192,607080.0,0.191,2017-03-08,0.192,0.19
0.191,808410.0,0.193,2017-03-09,0.194,0.19
0.193,458700.0,0.191,2017-03-10,0.193,0.191
0.191,425940.0,0.191,2017-03-13,0.192,0.191
0.191,813920.0,0.19,2017-03-14,0.192,0.19
0.192,2427530.0,0.189,2017-03-15,0.192,0.188
0.188,1804210.0,0.189,2017-03-16,0.192,0.186
0.19,382190.0,0.189,2017-03-17,0.19,0.187
0.19,417650.0,0.186,2017-03-20,0.19,0.185
0.185,618640.0,0.185,2017-03-21,0.187,0.185
0.187,957550.0,0.187,2017-03-22,0.188,0.185
0.187,497440.0,0.185,2017-03-23,0.19,0.185
0.185,439060.0,0.185,2017-03-24,0.187,0.185
0.185,380290.0,0.183,2017-03-27,0.185,0.182
0.181,1059990.0,0.183,2017-03-28,0.185,0.18
0.182,1439190.0,0.178,2017-03-29,0.182,0.178
0.178,850750.0,0.178,2017-03-30,0.18,0.178
0.178,522560.0,0.179,2017-03-31,0.18,0.178
0.179,668770.0,0.183,2017-04-03,0.183,0.179
0.18,500770.0,0.182,2017-04-04,0.183,0.18
0.181,436090.0,0.185,2017-04-05,0.185,0.18
0.184,992670.0,0.183,2017-04-06,0.188,0.183
0.183,766680.0,0.18,2017-04-07,0.185,0.18
0.183,414940.0,0.183,2017-04-10,0.185,0.181
0.185,2227280.0,0.183,2017-04-11,0.186,0.178
0.183,565830.0,0.183,2017-04-12,0.184,0.182
0.183,5144930.0,0.19,2017-04-17,0.192,0.183
0.193,2568630.0,0.193,2017-04-18,0.194,0.191
0.193,1209590.0,0.189,2017-04-19,0.193,0.187
0.189,1638680.0,0.187,2017-04-20,0.191,0.185
0.186,1748450.0,0.183,2017-04-21,0.188,0.183
0.183,2409950.0,0.186,2017-04-24,0.187,0.18
0.185,1425690.0,0.181,2017-04-25,0.186,0.181
0.184,553460.0,0.185,2017-04-26,0.186,0.183
0.184,515430.0,0.182,2017-04-27,0.184,0.181
0.182,1242120.0,0.185,2017-05-02,0.185,0.181
0.185,1118680.0,0.182,2017-05-03,0.185,0.181
0.182,3291190.0,0.189,2017-05-04,0.189,0.181
0.188,5412010.0,0.191,2017-05-05,0.196,0.186
0.191,1263360.0,0.189,2017-05-08,0.191,0.187
0.188,2086370.0,0.184,2017-05-09,0.19,0.184
0.184,761330.0,0.187,2017-05-10,0.187,0.184
0.188,689370.0,0.185,2017-05-11,0.188,0.183
0.183,670120.0,0.182,2017-05-12,0.185,0.182
0.184,242060.0,0.184,2017-05-15,0.184,0.182
0.182,361840.0,0.183,2017-05-16,0.185,0.182
0.183,437930.0,0.182,2017-05-17,0.185,0.182
0.182,1178930.0,0.181,2017-05-18,0.183,0.181
0.181,364760.0,0.182,2017-05-19,0.183,0.18
0.182,854000.0,0.181,2017-05-22,0.182,0.181
0.181,668560.0,0.182,2017-05-23,0.183,0.181
0.181,1059270.0,0.181,2017-05-24,0.182,0.181
0.181,685990.0,0.182,2017-05-25,0.184,0.181
0.184,1062090.0,0.181,2017-05-26,0.184,0.181
0.182,522910.0,0.181,2017-05-29,0.183,0.181
0.181,575990.0,0.181,2017-05-30,0.182,0.181
0.181,300930.0,0.181,2017-05-31,0.182,0.181
0.182,570500.0,0.183,2017-06-01,0.184,0.182
0.184,7503770.0,0.19,2017-06-02,0.193,0.184
0.184,7503770.0,0.19,2017-06-02,0.193,0.184
0.193,8664910.0,0.19,2017-06-05,0.201,0.19
0.192,3177890.0,0.184,2017-06-06,0.192,0.184
0.188,1153440.0,0.186,2017-06-07,0.189,0.184
0.186,1494640.0,0.183,2017-06-08,0.187,0.183
0.185,792390.0,0.187,2017-06-09,0.187,0.183
0.187,279210.0,0.183,2017-06-13,0.187,0.183
0.183,498690.0,0.182,2017-06-14,0.184,0.182
0.182,671930.0,0.183,2017-06-15,0.185,0.182
0.184,541940.0,0.185,2017-06-16,0.185,0.182
0.184,2371130.0,0.186,2017-06-19,0.19,0.182
0.186,1113830.0,0.19,2017-06-20,0.19,0.185
0.19,4079000.0,0.187,2017-06-21,0.193,0.187
0.188,1464150.0,0.19,2017-06-22,0.192,0.188
0.19,8855820.0,0.193,2017-06-23,0.199,0.19
0.194,2707810.0,0.191,2017-06-27,0.195,0.19
0.191,4271970.0,0.185,2017-06-28,0.191,0.185
0.186,1375150.0,0.187,2017-06-29,0.19,0.186
0.19,890260.0,0.187,2017-06-30,0.19,0.186
0.187,1907830.0,0.184,2017-07-03,0.187,0.184
0.184,948670.0,0.185,2017-07-04,0.186,0.183
0.185,1093640.0,0.185,2017-07-05,0.187,0.184
0.185,953020.0,0.183,2017-07-06,0.185,0.183
0.183,727180.0,0.185,2017-07-07,0.185,0.182
0.185,892270.0,0.185,2017-07-10,0.185,0.183
0.186,545120.0,0.183,2017-07-11,0.186,0.183
0.183,1111250.0,0.184,2017-07-12,0.185,0.183
0.184,263250.0,0.185,2017-07-13,0.187,0.184
0.184,1012800.0,0.185,2017-07-14,0.186,0.184
0.186,1257280.0,0.185,2017-07-17,0.187,0.185
0.184,942590.0,0.185,2017-07-18,0.186,0.183
0.185,1654030.0,0.188,2017-07-19,0.189,0.185
0.189,2606920.0,0.189,2017-07-20,0.192,0.185
0.187,966800.0,0.186,2017-07-21,0.187,0.184
0.185,569150.0,0.186,2017-07-24,0.186,0.184
0.186,1606920.0,0.183,2017-07-25,0.186,0.182
0.183,2860470.0,0.181,2017-07-26,0.183,0.181
0.181,7518450.0,0.175,2017-07-27,0.186,0.175
0.175,2317030.0,0.175,2017-07-28,0.177,0.172
0.177,1979190.0,0.172,2017-07-31,0.177,0.17
0.172,797620.0,0.171,2017-08-01,0.172,0.17
0.175,443750.0,0.17,2017-08-02,0.175,0.17
0.173,634350.0,0.172,2017-08-03,0.173,0.17
0.173,885800.0,0.17,2017-08-04,0.173,0.168
0.17,438500.0,0.171,2017-08-07,0.171,0.169
0.169,1050710.0,0.167,2017-08-08,0.169,0.167
0.168,587710.0,0.167,2017-08-09,0.169,0.167
0.167,725780.0,0.165,2017-08-10,0.167,0.164
0.164,2614760.0,0.165,2017-08-11,0.165,0.155
0.163,96450.0,0.163,2017-08-14,0.164,0.163
0.165,283580.0,0.165,2017-08-15,0.167,0.16
0.16,262380.0,0.165,2017-08-16,0.166,0.16
0.163,2962020.0,0.175,2017-08-17,0.176,0.163
0.175,1871690.0,0.177,2017-08-18,0.178,0.17
0.175,716530.0,0.176,2017-08-22,0.176,0.174
0.176,830310.0,0.175,2017-08-23,0.179,0.174
0.178,547200.0,0.176,2017-08-24,0.178,0.173
0.175,217720.0,0.175,2017-08-25,0.175,0.174
0.174,819650.0,0.174,2017-08-29,0.174,0.171
0.174,186010.0,0.172,2017-08-30,0.174,0.172
0.172,179990.0,0.171,2017-08-31,0.172,0.171
0.171,998530.0,0.17,2017-09-04,0.171,0.169
0.17,284740.0,0.174,2017-09-05,0.174,0.17
0.174,577480.0,0.172,2017-09-06,0.174,0.169
0.17,1084810.0,0.17,2017-09-07,0.17,0.167
0.169,557040.0,0.169,2017-09-08,0.172,0.169
0.169,257900.0,0.17,2017-09-11,0.171,0.169
0.169,545910.0,0.168,2017-09-13,0.17,0.168
0.168,430440.0,0.171,2017-09-14,0.171,0.167
0.171,349990.0,0.171,2017-09-15,0.172,0.168
0.169,30420.0,0.169,2017-09-18,0.169,0.169
0.168,3822850.0,0.166,2017-09-19,0.17,0.159
0.167,582490.0,0.164,2017-09-20,0.167,0.163
0.164,331020.0,0.164,2017-09-21,0.167,0.163
0.163,895240.0,0.163,2017-09-22,0.164,0.16
0.165,3579370.0,0.159,2017-09-25,0.166,0.156
0.159,1759790.0,0.156,2017-09-26,0.162,0.15
0.156,850650.0,0.16,2017-09-27,0.16,0.151
0.16,255230.0,0.161,2017-09-28,0.163,0.159
0.162,398590.0,0.157,2017-09-29,0.162,0.157
0.157,300720.0,0.159,2017-10-02,0.159,0.157
0.158,349670.0,0.157,2017-10-03,0.159,0.157
0.156,201460.0,0.157,2017-10-04,0.158,0.156
0.158,174310.0,0.158,2017-10-05,0.159,0.158
0.16,1479170.0,0.162,2017-10-06,0.166,0.159
0.163,1463880.0,0.161,2017-10-09,0.166,0.161
0.16,569820.0,0.159,2017-10-10,0.162,0.159
0.158,183860.0,0.16,2017-10-11,0.16,0.158
0.16,647100.0,0.157,2017-10-12,0.16,0.157
0.157,279740.0,0.157,2017-10-13,0.159,0.157
0.157,572020.0,0.158,2017-10-17,0.158,0.156
0.156,185780.0,0.157,2017-10-18,0.157,0.156
0.156,788390.0,0.155,2017-10-19,0.156,0.155
0.155,219990.0,0.158,2017-10-20,0.158,0.154
0.155,212350.0,0.155,2017-10-23,0.155,0.155
0.155,242150.0,0.157,2017-10-24,0.157,0.155
0.157,647340.0,0.154,2017-10-25,0.157,0.154
0.154,511190.0,0.154,2017-10-26,0.154,0.151
0.152,155950.0,0.154,2017-10-27,0.154,0.152
0.151,113860.0,0.154,2017-10-30,0.154,0.151
0.151,187980.0,0.151,2017-11-02,0.153,0.151
0.151,1092520.0,0.159,2017-11-03,0.161,0.151
0.16,1239730.0,0.155,2017-11-06,0.16,0.155
0.155,346470.0,0.154,2017-11-07,0.156,0.153
0.153,1300580.0,0.151,2017-11-08,0.153,0.15
0.151,448160.0,0.15,2017-11-09,0.151,0.15
0.151,544400.0,0.15,2017-11-10,0.151,0.149
0.151,102430.0,0.152,2017-11-13,0.153,0.15
0.15,701150.0,0.146,2017-11-14,0.15,0.143
0.146,351590.0,0.148,2017-11-15,0.148,0.145
0.145,103630.0,0.146,2017-11-16,0.148,0.145
0.144,562090.0,0.15,2017-11-17,0.15,0.144
0.15,602760.0,0.15,2017-11-20,0.151,0.149
0.149,263700.0,0.146,2017-11-21,0.149,0.146
0.145,559820.0,0.145,2017-11-22,0.147,0.144
0.144,515770.0,0.145,2017-11-23,0.145,0.143
0.145,153590.0,0.144,2017-11-24,0.145,0.143
0.147,302860.0,0.147,2017-11-27,0.148,0.145
0.145,63650.0,0.147,2017-11-28,0.148,0.144
0.144,142560.0,0.144,2017-11-29,0.144,0.144
0.144,674770.0,0.142,2017-12-01,0.144,0.141
0.141,161310.0,0.142,2017-12-04,0.144,0.141
0.142,35600.0,0.142,2017-12-05,0.143,0.142
0.141,135480.0,0.141,2017-12-06,0.143,0.141
0.141,142690.0,0.143,2017-12-07,0.143,0.141
0.142,163750.0,0.143,2017-12-08,0.143,0.141
0.14,739810.0,0.142,2017-12-11,0.142,0.14
0.14,476810.0,0.14,2017-12-12,0.14,0.136
0.14,220550.0,0.138,2017-12-13,0.14,0.136
0.136,20787020.0,0.165,2017-12-14,0.165,0.136
0.168,12128380.0,0.145,2017-12-15,0.169,0.143
0.145,2850800.0,0.139,2017-12-18,0.148,0.138
0.139,660920.0,0.143,2017-12-19,0.146,0.139
0.143,486770.0,0.14,2017-12-20,0.143,0.14
0.14,428730.0,0.142,2017-12-21,0.145,0.14
0.141,675540.0,0.144,2017-12-22,0.144,0.141
0.142,598620.0,0.142,2017-12-27,0.143,0.141
0.143,396000.0,0.142,2017-12-28,0.143,0.141
0.142,649570.0,0.141,2017-12-29,0.142,0.14
0.141,250110.0,0.141,2018-01-03,0.141,0.14
0.14,237040.0,0.14,2018-01-04,0.141,0.14
0.141,379960.0,0.141,2018-01-05,0.141,0.14
0.141,172210.0,0.14,2018-01-08,0.141,0.14
0.14,476960.0,0.14,2018-01-09,0.141,0.139
0.139,103280.0,0.142,2018-01-10,0.142,0.139
0.141,128530.0,0.141,2018-01-11,0.141,0.139
0.141,625590.0,0.141,2018-01-12,0.141,0.138
0.141,456820.0,0.141,2018-01-15,0.142,0.141
0.14,489190.0,0.141,2018-01-16,0.142,0.14
0.139,448900.0,0.14,2018-01-17,0.141,0.139
0.139,109160.0,0.14,2018-01-18,0.14,0.139
0.139,780230.0,0.139,2018-01-19,0.141,0.139
0.14,471250.0,0.139,2018-01-22,0.14,0.138
0.139,863860.0,0.139,2018-01-23,0.139,0.137
0.139,1861340.0,0.143,2018-01-24,0.144,0.139
0.143,539400.0,0.14,2018-01-25,0.144,0.14
0.142,176850.0,0.14,2018-01-26,0.142,0.14
0.141,396590.0,0.14,2018-01-29,0.141,0.139
0.139,610360.0,0.139,2018-01-30,0.14,0.138
0.139,6563220.0,0.142,2018-01-31,0.153,0.138
0.145,9776800.0,0.151,2018-02-01,0.157,0.142
0.155,3210250.0,0.146,2018-02-02,0.156,0.146
0.146,973730.0,0.142,2018-02-05,0.146,0.142
0.142,982530.0,0.146,2018-02-06,0.151,0.141
0.142,1520290.0,0.144,2018-02-07,0.147,0.142
0.144,308960.0,0.143,2018-02-08,0.144,0.143
0.142,638410.0,0.141,2018-02-09,0.143,0.14
0.141,1106620.0,0.139,2018-02-12,0.141,0.137
0.139,1350140.0,0.14,2018-02-13,0.14,0.137
0.139,1311180.0,0.138,2018-02-14,0.14,0.137
0.137,2259560.0,0.135,2018-02-15,0.137,0.135
0.133,904860.0,0.136,2018-02-19,0.136,0.133
0.137,929630.0,0.136,2018-02-20,0.14,0.135
0.136,1751910.0,0.133,2018-02-21,0.136,0.133
0.135,621370.0,0.135,2018-02-22,0.136,0.134
0.134,624780.0,0.135,2018-02-23,0.135,0.133
0.134,430080.0,0.134,2018-02-26,0.135,0.134
0.133,2262930.0,0.13,2018-02-27,0.134,0.13
0.129,2310450.0,0.134,2018-02-28,0.136,0.129
0.143,1678030.0,0.13,2018-03-02,0.143,0.124
0.128,2240560.0,0.132,2018-03-05,0.133,0.123
0.132,468390.0,0.129,2018-03-06,0.132,0.129
0.13,612230.0,0.13,2018-03-07,0.131,0.128
0.13,326280.0,0.13,2018-03-08,0.131,0.129
0.129,217520.0,0.131,2018-03-09,0.131,0.129
0.131,184380.0,0.129,2018-03-12,0.131,0.129
0.129,1135560.0,0.128,2018-03-13,0.129,0.126
0.129,1592140.0,0.13,2018-03-14,0.133,0.128
0.131,1006920.0,0.13,2018-03-15,0.134,0.129
0.13,756880.0,0.128,2018-03-16,0.132,0.128
0.128,616890.0,0.127,2018-03-19,0.129,0.127
0.126,682050.0,0.124,2018-03-20,0.128,0.124
0.125,231710.0,0.125,2018-03-21,0.126,0.124
0.125,334820.0,0.123,2018-03-22,0.125,0.123
0.123,220080.0,0.126,2018-03-23,0.126,0.123
0.124,135690.0,0.124,2018-03-26,0.124,0.123
0.124,144230.0,0.125,2018-03-27,0.125,0.124
0.126,167500.0,0.125,2018-03-28,0.126,0.124
0.125,1128330.0,0.122,2018-04-03,0.125,0.12
0.12,363250.0,0.122,2018-04-04,0.124,0.12
0.122,884130.0,0.121,2018-04-05,0.125,0.121
0.121,426060.0,0.122,2018-04-06,0.123,0.121
0.12,108200.0,0.12,2018-04-10,0.122,0.12
0.12,255530.0,0.119,2018-04-11,0.12,0.119
0.12,289420.0,0.12,2018-04-12,0.121,0.115
0.122,124660.0,0.12,2018-04-13,0.122,0.12
0.118,161360.0,0.12,2018-04-16,0.12,0.117
0.119,41560.0,0.119,2018-04-17,0.119,0.118
0.116,292930.0,0.118,2018-04-18,0.118,0.116
0.116,270290.0,0.118,2018-04-19,0.118,0.114
0.12,70320.0,0.117,2018-04-20,0.12,0.113
0.114,43740.0,0.116,2018-04-23,0.116,0.114
0.115,476210.0,0.113,2018-04-24,0.115,0.113
0.112,147870.0,0.113,2018-04-25,0.116,0.112
0.113,650500.0,0.115,2018-04-26,0.117,0.111
0.116,304220.0,0.114,2018-04-27,0.116,0.112
0.115,59710.0,0.114,2018-04-30,0.115,0.114
0.114,109290.0,0.114,2018-05-02,0.116,0.114
0.114,25080.0,0.114,2018-05-03,0.114,0.114
0.116,221480.0,0.115,2018-05-04,0.117,0.115
0.115,118550.0,0.115,2018-05-07,0.116,0.115
0.116,1267330.0,0.118,2018-05-08,0.124,0.116
0.121,73650.0,0.118,2018-05-09,0.121,0.118
0.118,116270.0,0.12,2018-05-10,0.121,0.118
0.118,49560.0,0.118,2018-05-15,0.118,0.118
0.117,69030.0,0.117,2018-05-16,0.117,0.117
0.116,208810.0,0.114,2018-05-17,0.117,0.114
0.115,28800.0,0.116,2018-05-18,0.116,0.115
0.114,159100.0,0.114,2018-05-21,0.116,0.114
0.113,113020.0,0.113,2018-05-22,0.114,0.113
0.113,80230.0,0.113,2018-05-23,0.113,0.113
0.113,175990.0,0.112,2018-05-24,0.113,0.112
0.115,2300.0,0.115,2018-05-25,0.115,0.115
0.115,59460.0,0.112,2018-05-28,0.115,0.112
0.112,22420.0,0.112,2018-05-29,0.114,0.112
0.112,126760.0,0.112,2018-05-30,0.113,0.112
0.112,31360.0,0.112,2018-05-31,0.112,0.112
0.114,122820.0,0.114,2018-06-01,0.114,0.112
0.112,97640.0,0.112,2018-06-04,0.114,0.112
0.114,298700.0,0.111,2018-06-05,0.114,0.111
0.112,20160.0,0.112,2018-06-06,0.112,0.112
0.113,1164180.0,0.117,2018-06-08,0.119,0.113
0.116,160300.0,0.115,2018-06-11,0.117,0.114
0.114,126820.0,0.115,2018-06-13,0.115,0.114
0.114,86640.0,0.114,2018-06-14,0.114,0.114
0.113,115260.0,0.113,2018-06-18,0.113,0.113
0.113,937800.0,0.119,2018-06-19,0.119,0.113
0.118,109974270.0,0.16,2018-06-20,0.178,0.118
0.166,33367600.0,0.138,2018-06-21,0.167,0.132
0.135,18094430.0,0.147,2018-06-22,0.153,0.134
0.142,8083540.0,0.133,2018-06-25,0.142,0.13
0.133,7276210.0,0.14,2018-06-26,0.15,0.133
0.14,3631550.0,0.139,2018-06-27,0.14,0.133
0.135,1733240.0,0.135,2018-06-28,0.139,0.133
0.137,6516780.0,0.142,2018-06-29,0.147,0.135
0.144,6435440.0,0.137,2018-07-02,0.151,0.137
0.138,838890.0,0.142,2018-07-03,0.143,0.138
0.143,2280290.0,0.141,2018-07-04,0.146,0.139
0.142,2018590.0,0.138,2018-07-05,0.142,0.137
0.137,2556560.0,0.134,2018-07-06,0.14,0.134
0.132,973010.0,0.135,2018-07-09,0.136,0.132
0.134,984420.0,0.135,2018-07-10,0.138,0.132
0.135,1025180.0,0.136,2018-07-11,0.139,0.133
0.137,11375900.0,0.142,2018-07-12,0.149,0.137
0.143,2188770.0,0.138,2018-07-13,0.146,0.138
0.14,916590.0,0.14,2018-07-16,0.141,0.137
0.14,1240530.0,0.137,2018-07-17,0.14,0.135
0.135,585310.0,0.14,2018-07-18,0.14,0.135
0.139,545040.0,0.137,2018-07-19,0.139,0.136
0.137,753150.0,0.137,2018-07-20,0.139,0.135
0.136,337280.0,0.136,2018-07-23,0.136,0.134
0.135,1315650.0,0.136,2018-07-24,0.136,0.133
0.136,862780.0,0.138,2018-07-25,0.139,0.136
0.139,888380.0,0.136,2018-07-26,0.141,0.135
0.136,1105630.0,0.137,2018-07-27,0.137,0.133
0.137,566210.0,0.136,2018-07-30,0.138,0.133
0.136,1744630.0,0.136,2018-07-31,0.138,0.134
0.136,347460.0,0.137,2018-08-01,0.138,0.135
0.137,516790.0,0.135,2018-08-02,0.137,0.133
0.134,560440.0,0.135,2018-08-03,0.136,0.133
0.134,2147690.0,0.132,2018-08-06,0.135,0.131
0.131,3181230.0,0.127,2018-08-07,0.132,0.125
0.126,1819180.0,0.13,2018-08-08,0.132,0.125
0.13,2513370.0,0.132,2018-08-09,0.135,0.13
0.132,1530090.0,0.13,2018-08-10,0.135,0.128
0.127,550040.0,0.129,2018-08-13,0.129,0.127
0.128,267590.0,0.127,2018-08-14,0.128,0.125
0.125,204590.0,0.126,2018-08-15,0.127,0.125
0.127,197640.0,0.129,2018-08-16,0.129,0.126
0.13,220580.0,0.129,2018-08-17,0.13,0.124
0.129,424560.0,0.125,2018-08-20,0.13,0.125
0.125,708880.0,0.123,2018-08-22,0.128,0.123
0.127,190020.0,0.124,2018-08-23,0.127,0.123
0.123,817050.0,0.123,2018-08-24,0.125,0.121
0.122,495300.0,0.122,2018-08-28,0.124,0.12
0.121,205260.0,0.122,2018-08-29,0.123,0.12
0.122,180630.0,0.121,2018-08-30,0.123,0.121
0.121,167760.0,0.122,2018-08-31,0.123,0.121
0.123,343880.0,0.123,2018-09-03,0.124,0.122
0.124,1131970.0,0.127,2018-09-04,0.129,0.124
0.129,464950.0,0.125,2018-09-05,0.129,0.125
0.125,339500.0,0.122,2018-09-06,0.125,0.121
0.122,280760.0,0.123,2018-09-07,0.124,0.121
0.123,242660.0,0.121,2018-09-10,0.124,0.121
0.122,269570.0,0.12,2018-09-11,0.123,0.12
0.12,772760.0,0.119,2018-09-12,0.121,0.119
0.119,623690.0,0.118,2018-09-13,0.12,0.115
0.115,182440.0,0.117,2018-09-14,0.119,0.115
0.115,72960.0,0.117,2018-09-17,0.118,0.115
0.116,248020.0,0.114,2018-09-18,0.116,0.113
0.114,105950.0,0.113,2018-09-19,0.114,0.112
0.112,98100.0,0.113,2018-09-20,0.115,0.112
0.115,222920.0,0.115,2018-09-21,0.115,0.113
0.115,222920.0,0.115,2018-09-21,0.115,0.113
0.119,191560.0,0.115,2018-09-24,0.119,0.114
0.119,191560.0,0.115,2018-09-24,0.119,0.114
0.116,89630.0,0.119,2018-09-25,0.119,0.116
0.119,143930.0,0.117,2018-09-26,0.119,0.116
0.117,306450.0,0.114,2018-09-27,0.117,0.114
0.114,154060.0,0.116,2018-09-28,0.117,0.113
0.117,80900.0,0.115,2018-10-01,0.117,0.115
0.116,33640.0,0.116,2018-10-02,0.116,0.116
0.115,90850.0,0.115,2018-10-03,0.115,0.115
0.115,57050.0,0.117,2018-10-04,0.125,0.114
0.114,47150.0,0.115,2018-10-05,0.116,0.114
0.115,44470.0,0.114,2018-10-08,0.115,0.114
0.114,96250.0,0.114,2018-10-09,0.116,0.114
0.114,179400.0,0.116,2018-10-10,0.116,0.114
0.114,497000.0,0.11,2018-10-11,0.114,0.102
0.109,136350.0,0.114,2018-10-12,0.114,0.109
0.114,80380.0,0.11,2018-10-15,0.114,0.109
0.11,83870.0,0.112,2018-10-16,0.112,0.108
0.108,155540.0,0.11,2018-10-17,0.11,0.108
0.11,93560.0,0.108,2018-10-18,0.11,0.108
0.108,221740.0,0.11,2018-10-19,0.11,0.105
0.106,117320.0,0.109,2018-10-22,0.11,0.106
0.109,36820.0,0.108,2018-10-23,0.109,0.108
0.108,157700.0,0.108,2018-10-24,0.109,0.108
0.108,144680.0,0.107,2018-10-25,0.108,0.107
0.109,100570.0,0.106,2018-10-26,0.11,0.106
0.105,77300.0,0.106,2018-10-29,0.108,0.105
0.106,26280.0,0.105,2018-10-30,0.106,0.105
0.105,44100.0,0.105,2018-10-31,0.105,0.105
0.104,92530.0,0.104,2018-11-05,0.104,0.103
0.104,166650.0,0.103,2018-11-06,0.104,0.103
0.102,750400.0,0.095,2018-11-07,0.102,0.094
0.095,709900.0,0.091,2018-11-08,0.095,0.08
0.103,214710.0,0.093,2018-11-09,0.103,0.09
0.093,53580.0,0.095,2018-11-12,0.1,0.093
0.095,297110.0,0.093,2018-11-13,0.095,0.093
0.092,226950.0,0.091,2018-11-14,0.092,0.091
0.09,73700.0,0.099,2018-11-15,0.099,0.09
0.091,472370.0,0.097,2018-11-16,0.098,0.091
0.095,86330.0,0.098,2018-11-19,0.098,0.09
0.096,110240.0,0.096,2018-11-20,0.098,0.096
0.091,87160.0,0.098,2018-11-21,0.098,0.091
0.097,509620.0,0.095,2018-11-22,0.097,0.088
0.097,843690.0,0.1,2018-11-23,0.1,0.092
0.101,199320.0,0.098,2018-11-26,0.101,0.097
0.097,6296060.0,0.11,2018-11-27,0.122,0.097
0.115,1966980.0,0.105,2018-11-28,0.117,0.103
0.104,769110.0,0.104,2018-11-29,0.106,0.1
0.104,344810.0,0.106,2018-12-03,0.108,0.104
0.106,1158200.0,0.115,2018-12-04,0.117,0.106
0.116,74140.0,0.116,2018-12-05,0.116,0.109
0.113,52350.0,0.114,2018-12-06,0.115,0.111
0.116,148260.0,0.114,2018-12-07,0.116,0.108
0.111,210150.0,0.111,2018-12-10,0.114,0.105
0.106,340160.0,0.106,2018-12-11,0.111,0.105
0.11,631010.0,0.113,2018-12-12,0.114,0.11
0.114,364500.0,0.109,2018-12-13,0.114,0.109
0.109,418610.0,0.113,2018-12-14,0.114,0.108
0.114,35584990.0,0.133,2018-12-17,0.145,0.114
0.133,5363510.0,0.124,2018-12-18,0.137,0.124
0.124,2574600.0,0.128,2018-12-19,0.132,0.122
0.131,1348550.0,0.126,2018-12-20,0.131,0.124
0.124,1237540.0,0.123,2018-12-21,0.127,0.122
0.123,983920.0,0.125,2018-12-26,0.125,0.118
0.127,2756640.0,0.133,2018-12-27,0.133,0.124
0.134,1550320.0,0.129,2018-12-28,0.135,0.125
0.127,914360.0,0.129,2019-01-02,0.131,0.125
0.129,1183930.0,0.128,2019-01-03,0.131,0.121
0.123,981760.0,0.125,2019-01-04,0.128,0.122
0.125,830700.0,0.127,2019-01-07,0.129,0.125
0.127,5677650.0,0.135,2019-01-08,0.139,0.124
0.139,13733840.0,0.14,2019-01-09,0.153,0.137
0.141,1992200.0,0.136,2019-01-10,0.141,0.135
0.136,685490.0,0.137,2019-01-11,0.14,0.134
0.14,955770.0,0.137,2019-01-14,0.144,0.137
0.137,756440.0,0.136,2019-01-15,0.139,0.134
0.136,1032620.0,0.138,2019-01-16,0.138,0.134
0.139,583850.0,0.138,2019-01-17,0.139,0.136
0.139,783930.0,0.135,2019-01-18,0.14,0.132
0.138,1868050.0,0.128,2019-01-21,0.138,0.125
0.127,600820.0,0.129,2019-01-22,0.13,0.126
0.13,776340.0,0.125,2019-01-23,0.13,0.125
0.125,1189150.0,0.122,2019-01-24,0.125,0.121
0.121,698020.0,0.125,2019-01-25,0.125,0.12
0.125,1050540.0,0.127,2019-01-28,0.132,0.125
0.13,413080.0,0.125,2019-01-29,0.13,0.123
0.125,490420.0,0.124,2019-01-30,0.125,0.122
0.122,640340.0,0.124,2019-01-31,0.127,0.121
0.126,962880.0,0.125,2019-02-01,0.126,0.12
0.125,385930.0,0.124,2019-02-04,0.125,0.122
0.124,10939400.0,0.135,2019-02-06,0.143,0.122
0.138,2127230.0,0.134,2019-02-07,0.138,0.125
0.134,1233700.0,0.134,2019-02-08,0.135,0.127
0.129,665060.0,0.135,2019-02-11,0.135,0.127
0.136,484520.0,0.131,2019-02-12,0.136,0.131
0.134,19545580.0,0.14,2019-02-13,0.159,0.134
0.145,5933990.0,0.15,2019-02-14,0.153,0.14
0.149,5001980.0,0.13,2019-02-15,0.149,0.13
0.133,1207290.0,0.135,2019-02-18,0.137,0.132
0.137,1867650.0,0.13,2019-02-19,0.137,0.129
0.13,960610.0,0.131,2019-02-20,0.131,0.128
0.135,249170.0,0.135,2019-02-21,0.135,0.13
0.135,383770.0,0.131,2019-02-22,0.135,0.131
0.131,651140.0,0.131,2019-02-26,0.135,0.129
0.131,192790.0,0.129,2019-02-27,0.131,0.129
0.129,197370.0,0.129,2019-02-28,0.129,0.129
0.129,370220.0,0.129,2019-03-01,0.129,0.128
0.132,165240.0,0.128,2019-03-04,0.132,0.127
0.128,189710.0,0.128,2019-03-05,0.129,0.128
0.127,64970.0,0.127,2019-03-06,0.128,0.127
0.132,53170.0,0.129,2019-03-07,0.132,0.129
0.133,243960.0,0.13,2019-03-08,0.133,0.13
0.128,3900.0,0.13,2019-03-11,0.132,0.128
0.128,300060.0,0.131,2019-03-12,0.131,0.127
0.129,606580.0,0.13,2019-03-13,0.13,0.127
0.128,300450.0,0.127,2019-03-14,0.128,0.127
0.127,422400.0,0.125,2019-03-15,0.128,0.125
0.125,240420.0,0.128,2019-03-18,0.129,0.124
0.128,109520.0,0.126,2019-03-19,0.13,0.126
0.126,334780.0,0.123,2019-03-20,0.127,0.123
0.123,506460.0,0.131,2019-03-21,0.131,0.123
0.131,445050.0,0.127,2019-03-22,0.134,0.127
0.133,110530.0,0.127,2019-03-25,0.133,0.127
0.127,110850.0,0.129,2019-03-26,0.13,0.124
0.125,136590.0,0.125,2019-03-27,0.128,0.125
0.128,8896580.0,0.135,2019-03-28,0.149,0.127
0.135,2868920.0,0.131,2019-03-29,0.142,0.13
0.136,571800.0,0.131,2019-04-01,0.136,0.127
0.127,269880.0,0.13,2019-04-02,0.131,0.127
0.13,549340.0,0.134,2019-04-03,0.135,0.127
0.131,318600.0,0.133,2019-04-04,0.134,0.13
0.133,22290.0,0.129,2019-04-05,0.133,0.129
0.128,118510.0,0.129,2019-04-08,0.13,0.128
0.13,28350.0,0.129,2019-04-10,0.13,0.128
0.129,415220.0,0.13,2019-04-11,0.13,0.127
0.13,23070.0,0.13,2019-04-12,0.13,0.127
0.129,162370.0,0.132,2019-04-15,0.133,0.129
0.128,449720.0,0.127,2019-04-16,0.132,0.126
0.126,322020.0,0.128,2019-04-17,0.128,0.125
0.127,179890.0,0.127,2019-04-22,0.128,0.124
0.125,346570.0,0.13,2019-04-23,0.131,0.125
0.13,727690.0,0.126,2019-04-24,0.13,0.125
0.126,222180.0,0.126,2019-04-25,0.129,0.125
0.129,144060.0,0.126,2019-04-26,0.129,0.125
0.126,20190.0,0.129,2019-04-29,0.129,0.126
0.129,98790.0,0.126,2019-04-30,0.129,0.126
0.126,223150.0,0.125,2019-05-02,0.126,0.125
0.125,222640.0,0.124,2019-05-03,0.128,0.124
0.124,516860.0,0.123,2019-05-06,0.124,0.122
0.123,181460.0,0.124,2019-05-07,0.126,0.123
0.123,47270.0,0.125,2019-05-08,0.125,0.123
0.126,51520.0,0.126,2019-05-09,0.126,0.125
0.123,88630.0,0.126,2019-05-10,0.127,0.123
0.125,635990.0,0.125,2019-05-14,0.126,0.121
0.125,99500.0,0.125,2019-05-15,0.125,0.121
0.122,31720.0,0.122,2019-05-16,0.122,0.122
0.122,41480.0,0.122,2019-05-17,0.122,0.122
0.122,118010.0,0.123,2019-05-20,0.124,0.122
0.123,333540.0,0.119,2019-05-21,0.123,0.119
0.118,105610.0,0.122,2019-05-22,0.122,0.118
0.122,129120.0,0.122,2019-05-23,0.122,0.121
0.121,80020.0,0.122,2019-05-24,0.122,0.12
0.122,81970.0,0.123,2019-05-27,0.123,0.122
0.122,32070.0,0.124,2019-05-28,0.124,0.122
0.124,102840.0,0.125,2019-05-29,0.125,0.123
0.125,163140.0,0.123,2019-05-30,0.125,0.12
0.122,56120.0,0.122,2019-05-31,0.122,0.122
0.124,233990.0,0.122,2019-06-03,0.125,0.122
0.126,87920.0,0.121,2019-06-04,0.126,0.121
0.122,105570.0,0.122,2019-06-06,0.125,0.121
0.122,140620.0,0.123,2019-06-07,0.124,0.12
0.12,67090.0,0.123,2019-06-10,0.123,0.12
0.121,59290.0,0.121,2019-06-11,0.121,0.121
0.121,645610.0,0.119,2019-06-13,0.121,0.118
0.119,21520.0,0.119,2019-06-14,0.12,0.119
0.119,103200.0,0.122,2019-06-17,0.124,0.117
0.119,37450.0,0.121,2019-06-18,0.122,0.119
0.121,90820.0,0.118,2019-06-19,0.121,0.118
0.118,916120.0,0.118,2019-06-20,0.121,0.118
0.118,393220.0,0.117,2019-06-21,0.118,0.116
0.116,80990.0,0.118,2019-06-24,0.118,0.116
0.118,138350.0,0.118,2019-06-25,0.12,0.118
0.117,213570.0,0.117,2019-06-26,0.117,0.116
0.116,63860.0,0.116,2019-06-28,0.119,0.116
